UniqueCount	AmbigCount
1	0
0	0
2	0
0	5
0	22
3	22
0	1
0	1
0	0
0	0
2	0
0	0
2	1
2	0
0	0
1	0
2	0
0	0
1	0
0	0
1	0
0	0
0	0
0	0
2	2
0	2
0	0
3	0
0	0
2	0
0	0
0	0
3	0
2	0
9	0
0	0
2	0
1	0
0	0
0	0
1	2
0	2
0	0
1	0
2	0
0	0
0	0
2	0
0	0
0	0
0	2
1	2
2	0
1	0
0	0
1	0
0	0
0	0
1	5
3	5
0	0
0	0
0	0
1	0
2	0
0	0
0	0
0	0
0	0
1	0
0	0
0	0
0	0
1	1
0	1
1	0
2	0
0	0
0	0
2	0
0	0
0	0
0	0
0	0
0	0
0	0
0	0
1	0
0	0
0	0
1	0
12	0
4	0
0	0
0	0
3	0
2	0
0	0
0	0
0	0
1	0
1	0
0	0
0	0
2	0
0	0
1	0
0	0
3	0
0	0
0	0
0	0
0	0
0	0
0	0
0	0
0	0
0	0
0	0
0	0
0	1
2	0
0	0
0	0
0	0
0	0
0	0
2	0
2	0
0	0
0	0
0	0
2	0
1	0
3	1
0	0
4	0
0	0
0	0
0	0
2	0
1	0
0	0
0	0
2	0
0	0
2	0
0	0
0	0
1	0
2	0
1	0
0	0
0	0
1	0
3	0
0	0
0	0
1	0
0	0
0	0
3	0
0	0
0	0
0	0
0	0
0	0
1	0
0	1
2	0
0	0
0	0
1	0
0	0
0	0
0	0
0	0
0	0
2	0
0	0
4	0
2	0
9	0
0	0
2	0
0	0
5	0
0	0
2	0
6	0
0	0
0	0
1	0
3	0
1	0
0	0
0	0
6	1
0	1
0	0
0	1
3	1
1	0
1	0
0	0
2	0
0	0
0	0
2	0
4	0
0	0
1	0
1	0
0	0
1	0
1	0
0	0
4	0
0	0
0	0
1	0
0	0
0	0
1	0
0	0
0	0
5	0
0	0
0	0
0	0
0	0
0	0
6	0
0	0
2	0
1	0
1	0
1	0
0	0
1	0
0	0
0	0
3	0
3	0
4	0
1	0
0	0
0	0
9	0
3	0
3	0
5	0
0	1
0	1
8	0
0	0
0	0
0	0
0	0
0	0
0	0
0	0
21	0
0	0
0	0
0	0
2	0
0	0
0	0
0	0
0	0
4	0
1	0
1	0
0	0
1	0
1	0
0	0
0	0
0	0
1	0
0	0
4	0
8	17
2	17
23	90
1	90
2	84
1	107
3	84
0	133
21	0
34	78
0	78
26	0
0	60
12	60
0	45
68	0
18	0
11	104
0	104
3	54
2	54
0	26
0	3
43	0
22	32
0	32
48	0
81	130
7	76
0	130
71	0
16	0
0	0
2	0
0	25
0	10
3	10
1	8
0	26
0	20
1	24
0	11
0	8
0	0
3	757
4	723
18	720
9	662
3	0
73	0
12	0
9	0
0	0
14	55
3	55
0	9
1	0
0	0
0	0
2	0
2	34
1	22
2	29
2	0
0	0
10	21
0	39
0	23
2	33
0	23
0	22
0	1
1	32
5	32
3	31
1	33
6	1
1	0
3	0
111	0
0	4
1	4
1	3
1	4
0	6
0	5
1	1
3	39
0	39
13	0
4	68
6	46
1	99
5	0
0	0
2	0
10	0
1	9
0	9
0	5
2	5
0	8
1	0
0	0
2	1
1	1
2	0
0	0
0	0
0	0
1	0
0	0
22	0
2	0
30	0
7	135
0	125
6	133
0	0
0	2
36	0
1	27
0	26
1	0
0	1
0	1
0	29
0	2
0	3
0	11
0	4
0	10
0	115
3	188
2	93
0	188
7	0
10	68
26	68
10	4
1	4
1	62
1	21
2	20
0	1
3	1
6	82
1	16
10	78
18	13
3	69
0	25
0	12
2	79
2	54
17	79
1	0
0	0
4	4
2	4
0	1
0	1
15	0
1	0
2	85
0	93
0	94
1	4
1	37
1	33
0	41
0	26
0	1
5	58
0	58
2	58
86	0
1	25
18	43
3	88
0	72
9	96
1	0
0	28
4	28
2	18
0	19
2	1
0	0
0	11
0	13
0	11
0	10
2	0
3	1
0	13
0	0
0	0
0	0
0	0
0	0
0	0
0	0
0	0
1	6
0	2
0	9
1	8
0	5
0	50
2	20
13	44
0	63
0	25
0	34
1	22
0	3
16	3
31	0
18	35
3	35
1	1
0	1
3	6
2	6
4	72
0	30
0	39
0	13
4	54
0	0
33	50
9	50
3	0
1	0
0	3
1	3
0	1
0	0
2	16
0	18
0	4
0	19
0	12
1	9
0	3
1	0
1	15
1	3
1	18
47	0
1	0
23	15
2	15
1	7
0	7
17	0
5	0
0	0
5	0
0	0
2	35
2	35
27	0
0	47
3	46
0	61
0	37
0	17
0	26
6	26
1	14
7	0
0	0
5	0
2	117
1	135
0	270
9	222
0	255
0	0
0	0
0	3
1	0
0	2
0	3
0	1
20	0
10	0
63	0
0	21
0	33
1	30
0	31
14	103
1	118
0	118
2	103
0	51
0	7
0	102
0	105
0	111
0	99
0	5
0	93
0	0
0	84
0	88
2	100
0	0
66	0
9	0
1	0
2	0
3	30
0	75
0	47
6	34
0	62
0	0
6	0
0	1
0	2
0	2
0	0
3	0
2	0
4	0
5	63
1	63
0	8
4	8
0	3
0	3
0	0
0	0
0	0
0	0
2	0
0	3
0	4
1	4
0	4
7	0
1	0
0	79
1	79
1	49
0	0
1	71
25	0
0	0
1	0
0	36
0	39
0	0
0	6
0	41
0	42
0	1
0	10
1	10
0	1
6	0
0	95
25	27
7	93
0	97
147	97
0	81
0	78
0	5
1	1
1	79
0	60
0	63
0	0
0	7
0	6
0	7
1	64
2	27
4	188
0	21
0	171
2	71
2	148
6	50
0	11
2	18
0	8
0	6
0	6
2	10
1	9
1	0
3	0
4	0
0	1
2	1
303	446
3	446
1	0
1	0
6	0
0	0
1	5
7	5
30	0
14	0
1	0
1	17
2	17
0	17
6	17
10	0
1	0
9	0
0	11
6	11
19	0
11	0
60	0
1	8
39	98
0	65
7	33
0	0
21	0
2	9
43	9
2	0
1	1
1	0
4	19
1	7
5	29
0	11
0	2
0	7
3	6
0	5
0	7
1	2
3	2
5	0
1	5
1	29
0	8
6	29
7	0
19	0
0	0
0	0
0	0
0	0
0	0
0	0
0	0
1	1
0	1
0	0
2	0
0	0
1	0
4	0
3	0
0	0
2	0
0	0
0	0
0	0
0	0
3	2
3	1
0	0
5	0
0	0
2	0
3	0
1	0
1	0
0	0
0	0
1	0
0	0
0	0
0	0
1	0
0	0
0	0
0	1
0	1
1	0
1	0
3	0
0	0
1	0
6	0
3	0
0	0
3	0
0	0
2	0
10	0
0	0
0	0
4	0
0	0
2	0
11	0
0	0
2	0
0	0
3	0
1	0
1	0
2	0
2	0
0	0
0	0
2	0
0	1
0	1
1	0
4	0
0	0
0	0
0	0
2	0
0	0
0	0
1	0
0	0
0	0
0	0
0	0
1	2
0	2
0	0
0	0
0	0
1	1
2	1
0	0
0	0
0	0
3	0
3	0
1	0
4	0
0	0
0	0
1	0
0	0
2	0
7	0
2	0
0	2
2	2
3	4
0	0
0	0
2	0
0	0
0	0
0	0
0	0
0	0
0	0
0	1
1	0
0	0
0	1
1	0
0	0
0	0
0	0
2	0
0	0
16	0
0	1
0	0
0	0
0	0
0	0
2	0
0	0
0	0
11	0
5	0
1	0
4	0
0	0
0	0
0	0
21	0
22	0
0	0
1	0
0	0
2	0
12	0
1	0
2	0
0	0
2	0
11	0
4	0
0	0
0	0
4	0
3	0
1	0
7	0
4	0
0	0
2	0
0	0
1	0
0	0
0	0
1	0
0	0
0	0
2	0
0	0
1	0
0	0
2	0
1	0
0	0
6	0
0	0
0	0
1	0
0	0
0	0
0	0
0	0
0	0
10	0
24	0
0	0
1	0
0	0
0	0
0	0
0	0
0	0
0	0
3	0
18	0
4	0
0	0
0	0
4	0
1	0
0	0
5	0
0	0
1	0
9	0
1	0
1	0
2	0
3	0
0	0
1	0
0	0
1	0
0	0
1	0
0	0
0	0
0	0
0	0
0	0
0	0
0	0
7	0
14	0
1	0
2	0
0	0
1	0
0	0
0	0
2	0
3	0
0	0
4	0
0	1
0	1
0	0
0	0
4	0
2	0
0	1
0	1
1	0
0	0
0	0
1	0
4	0
2	0
0	0
2	2
14	2
0	0
4	0
0	0
1	0
0	0
0	0
0	0
0	0
1	0
0	0
0	0
0	0
0	0
1	0
1	0
1	0
0	0
0	0
0	1
1	1
0	0
2	0
0	0
1	0
2	0
0	0
1	1
0	1
0	1
0	0
0	0
0	0
2	0
0	0
1	0
1	0
0	0
3	0
2	0
0	0
0	0
2	0
0	0
0	0
3	0
4	0
0	0
4	0
0	0
0	0
0	0
1	0
1	0
0	0
0	0
2	0
2	0
0	0
0	0
0	0
1	0
11	0
1	0
0	0
1	0
0	0
2	0
0	0
0	0
0	0
3	0
0	0
0	0
0	0
0	0
1	0
5	0
0	0
0	0
1	0
1	0
1	0
0	0
0	0
3	0
0	0
0	0
1	0
0	0
0	0
2	0
0	0
0	0
0	0
2	0
1	0
0	0
0	0
0	0
1	0
1	0
0	0
3	0
0	0
0	0
0	0
0	0
5	0
0	0
1	0
2	0
0	0
8	0
0	0
0	0
0	0
1	0
0	0
0	0
0	0
0	3
0	3
6	0
1	0
1	0
0	0
0	0
0	0
0	0
2	0
0	0
0	0
2	0
0	0
0	0
0	0
0	0
6	1
8	0
1	0
0	0
0	0
0	0
0	0
0	0
3	0
5	0
0	0
1	0
0	0
1	0
2	0
0	0
0	5
1	5
4	0
0	0
0	0
0	0
0	0
0	0
0	0
1	0
1	0
1	0
2	0
2	0
1	0
2	0
0	0
1	0
2	0
0	0
2	0
2	0
0	0
0	0
0	0
0	0
4	0
0	0
0	0
0	0
1	0
1	0
0	0
0	0
0	0
1	0
0	0
0	0
0	0
1	0
1	0
0	0
0	0
1	0
2	0
0	0
1	0
1	0
0	0
0	0
0	0
0	0
0	0
0	0
2	0
0	0
0	0
0	0
0	0
2	0
1	0
0	0
3	0
0	0
1	1
0	0
1	0
0	0
1	0
1	0
0	0
0	0
0	0
2	0
0	0
0	0
0	0
0	0
1	0
0	0
1	0
1	0
2	0
1	0
1	0
2	0
0	0
0	0
0	0
1	0
0	0
3	0
1	0
0	0
0	0
1	0
2	0
2	0
0	0
2	0
0	0
0	0
2	0
0	0
0	0
0	0
0	0
1	0
2	0
0	0
4	0
2	0
2	0
1	0
0	0
3	0
2	0
0	0
0	0
0	0
2	0
0	0
0	0
0	0
1	0
4	0
1	0
2	0
1	0
0	0
4	0
0	0
2	0
1	0
2	0
0	0
0	0
1	0
0	0
0	0
0	0
0	0
2	0
0	0
0	0
0	0
2	0
0	0
0	0
0	0
3	0
7	0
0	0
0	0
1	0
0	0
0	0
1	0
0	0
0	0
0	0
0	0
2	0
1	0
2	0
0	0
0	0
2	0
2	0
0	0
4	0
3	0
0	0
0	0
0	0
1	0
4	0
0	0
1	0
1	0
1	2
0	2
1	0
1	0
0	0
0	0
2	0
1	0
0	0
0	0
2	0
0	0
1	0
0	0
3	0
6	0
1	1
1	2
1	3
0	0
1	0
0	0
0	0
1	0
0	0
0	0
1	0
2	0
1	0
0	0
1	0
2	0
9	0
2	0
1	0
3	0
0	0
0	0
2	0
0	0
1	0
1	0
1	0
5	0
0	0
0	0
0	0
3	0
2	0
4	0
5	0
1	0
1	0
0	5
0	5
1	1
8	1
0	0
0	1
2	1
17	0
5	0
0	0
0	0
0	21
5	21
0	0
0	7
0	7
12	0
4	0
2	0
0	0
1	0
0	0
0	0
4	0
0	0
2	0
0	0
0	1
0	1
8	0
2	0
0	0
0	0
0	0
0	0
0	0
0	0
0	0
0	0
0	2
0	2
0	0
0	1
2	0
0	0
0	0
0	0
0	0
5	0
4	0
5	0
4	0
1	0
1	0
1	0
21	0
0	4
7	4
0	0
0	0
0	0
0	0
0	0
0	0
0	0
0	1
0	0
1	0
0	1
0	1
3	0
0	0
1	1
0	0
2	0
0	0
2	0
0	8
0	8
0	0
2	0
0	0
0	1
0	1
0	0
0	0
0	5
6	16
5	16
0	1
0	0
1	0
1	0
1	0
1	0
3	0
4	0
0	0
0	0
0	0
2	3
0	3
6	0
0	0
0	0
0	0
2	0
0	0
0	0
3	0
1	1
1	0
0	0
2	0
0	0
0	0
1	0
1	0
2	0
7	0
1	0
4	0
2	0
5	0
0	0
1	0
3	0
3	0
1	0
0	0
15	0
3	0
3	0
1	0
3	0
4	0
2	0
2	0
0	0
0	0
4	0
1	0
1	0
6	0
6	0
0	0
0	0
1	0
2	0
0	0
5	0
1	0
0	0
0	0
2	0
0	0
3	0
0	0
0	0
0	0
0	0
1	0
0	0
1	0
3	0
2	0
0	0
0	0
3	0
1	0
0	0
0	0
0	0
1	0
5	0
0	0
2	0
0	0
1	0
1	0
0	0
0	0
0	0
0	0
0	0
13	2
1	1
0	1
4	23
1	23
0	23
5	3
0	3
0	0
0	0
1	0
0	0
5	14
0	14
4	0
2	0
6	0
9	0
0	1
0	1
1	0
2	5
2	5
0	0
0	9
2	9
2	0
0	3
2	3
2	0
4	0
0	0
0	0
3	0
8	0
1	3
0	2
4	1
1	1
1	3
0	1
3	0
0	0
0	0
0	2
3	2
1	0
0	0
0	0
0	0
1	0
0	9
3	9
4	0
8	0
1	0
0	0
1	0
0	0
2	0
18	0
53	0
3	0
0	0
3	0
0	3
0	3
1	0
8	8
0	4
0	4
0	5
0	5
5	3
8	0
17	0
19	0
5	0
1	5
0	11
3	11
5	2
0	2
0	1
0	1
8	0
1	1
1	1
28	1
3	2
0	2
0	2
3	2
3	1
5	1
1	1
8	0
5	0
1	0
4	0
1	0
0	0
4	0
10	0
0	0
11	0
0	0
0	2
0	2
1	3
0	3
1	3
1	3
0	3
3	0
2	0
35	0
7	7
0	7
1	0
1	5
1	5
0	4
0	4
0	0
1	0
7	0
2	0
0	9
0	15
0	10
0	14
1	0
9	0
9	0
2	0
0	1
12	1
5	0
0	10
1	7
0	4
2	0
0	1
1	1
6	0
0	5
15	6
1	3
3	0
1	3
0	3
1	0
0	3
0	8
1	11
1	13
0	13
0	10
1	15
15	15
1	0
0	5
0	13
0	5
0	3
0	14
0	0
0	0
0	6
1	6
13	0
6	0
1	3
2	7
0	6
4	0
0	7
2	2
0	0
0	12
0	11
2	5
3	0
0	0
0	0
0	0
1	0
0	5
0	5
9	0
0	2
0	2
1	0
0	0
0	0
5	0
21	0
27	0
1	1
0	1
1	0
5	0
1	0
0	3
3	3
0	2
30	0
0	2
0	2
1	1
0	7
3	7
1	1
0	0
3	0
2	0
9	0
2	0
3	0
23	0
0	0
0	0
0	0
0	0
0	0
0	0
3	0
0	1
5	1
5	0
2	0
1	0
10	1
1	1
0	0
2	0
4	0
7	0
0	0
2	0
0	0
0	0
0	0
1	0
2	3
0	3
5	0
1	0
2	0
0	0
1	0
1	0
0	0
2	0
0	0
0	0
0	0
2	0
0	0
0	0
2	0
0	0
3	0
0	0
0	0
0	0
0	0
2	2
2	1
1	0
0	0
0	0
3	0
4	8
0	8
1	0
3	0
0	0
0	0
0	0
0	0
0	0
0	0
2	0
2	0
0	0
1	0
0	0
4	0
0	0
3	0
0	0
0	0
2	0
1	0
1	0
0	0
1	0
0	0
1	0
1	0
2	0
1	0
2	0
0	0
0	0
0	0
3	0
0	0
1	1
0	1
0	1
1	1
2	0
1	1
0	1
12	0
0	0
3	0
1	0
2	0
0	0
5	0
0	2
1	2
0	2
0	0
1	0
0	0
2	0
0	0
2	0
0	12
19	12
1	0
0	1
1	0
4	0
2	0
1	0
3	0
1	0
0	1
0	1
9	0
1	0
2	0
0	1
1	1
2	0
2	0
0	0
4	0
9	0
1	0
0	0
0	0
0	0
3	0
0	0
0	0
0	0
2	0
3	0
2	0
0	0
1	0
5	0
3	0
1	0
0	0
0	0
3	0
0	0
0	0
1	0
1	0
1	0
1	0
2	0
2	0
0	1
0	0
2	0
8	0
0	2
1	2
2	0
2	0
5	0
0	1
0	1
0	0
0	0
5	0
0	0
2	0
4	0
0	0
4	0
2	0
1	0
0	0
1	0
0	0
0	0
0	0
0	0
11	2
2	2
2	0
1	0
4	0
10	0
2	2
3	2
2	0
2	0
6	0
1	0
0	4
1	4
2	0
3	0
0	1
0	1
2	0
0	0
0	0
8	0
0	4
0	4
1	0
0	0
15	0
0	16
1	27
5	27
7	0
2	12
1	12
0	0
2	0
0	0
0	3
1	3
5	0
0	0
2	6
18	6
4	0
0	0
1	0
0	0
22	0
0	0
2	0
1	0
1	0
0	0
2	0
4	0
3	0
4	0
2	0
3	0
0	0
2	0
4	0
0	0
1	0
0	12
0	7
2	12
28	4
3	3
2	0
0	0
0	0
0	0
0	0
0	0
0	0
4	0
0	0
0	0
0	0
0	0
1	0
0	0
2	0
1	0
8	0
1	0
0	0
4	0
0	0
0	0
0	1
1	0
1	0
2	0
1	0
0	0
0	0
0	0
0	0
1	0
0	0
0	0
1	0
1	0
0	0
0	0
0	0
0	0
0	0
0	0
0	0
1	0
1	0
1	0
0	0
1	0
1	0
1	0
1	0
0	0
2	0
2	0
7	0
0	0
0	0
0	0
2	0
5	0
0	0
0	0
4	0
0	0
2	0
0	0
0	0
5	0
1	0
8	0
3	0
2	0
0	0
0	0
12	0
8	0
9	0
0	0
5	0
2	0
0	0
0	0
0	0
2	0
1	0
0	0
1	1
2	0
1	0
0	0
1	0
2	0
5	0
2	0
0	0
0	0
3	0
0	0
1	0
2	0
0	0
2	0
0	0
0	0
2	0
0	0
2	0
2	1
3	0
1	0
0	0
1	0
0	0
0	0
0	0
1	0
0	0
1	0
6	0
0	0
0	0
0	1
0	1
0	0
0	6
1	6
3	2
0	2
5	2
1	0
0	0
0	0
0	0
0	0
1	0
1	0
1	0
0	0
0	3
1	3
4	0
0	0
12	0
0	0
3	0
0	0
1	0
5	0
2	0
2	0
0	0
0	0
0	0
2	0
6	0
2	0
0	0
0	0
1	0
0	0
0	0
18	0
1	0
1	0
1	0
1	0
2	0
4	0
1	0
2	0
0	0
2	0
1	0
0	0
0	0
2	0
0	0
0	0
4	0
1	1
0	1
1	0
1	0
0	0
0	0
0	0
1	0
1	0
3	0
0	0
1	0
1	0
0	0
0	0
0	0
2	0
6	0
1	0
0	0
0	0
1	0
1	0
0	0
2	0
2	0
0	0
0	0
4	0
0	0
0	0
1	0
0	0
2	0
0	0
2	0
2	0
0	0
2	0
2	0
0	0
0	0
1	0
0	0
0	0
0	0
0	0
0	0
2	0
2	0
0	0
2	0
0	0
0	1
0	0
0	0
1	0
0	0
0	0
0	0
1	0
1	0
0	0
0	0
0	0
7	0
1	0
1	0
0	0
0	0
0	0
0	0
3	0
2	0
0	0
2	0
0	0
0	0
2	0
0	0
2	0
1	0
0	0
0	0
1	0
0	0
0	0
2	0
0	0
0	0
0	0
0	0
0	0
3	0
0	0
1	0
0	0
0	0
0	0
2	0
0	0
2	0
3	0
2	0
1	0
0	0
0	0
0	0
1	0
0	0
0	0
5	0
1	0
0	0
0	0
0	0
0	0
0	0
1	1
0	0
0	0
0	0
0	0
0	0
6	0
0	0
1	0
1	0
1	0
0	0
1	0
1	0
0	0
0	0
1	0
0	0
0	0
0	0
2	0
2	0
1	0
0	0
0	0
1	0
0	0
0	0
0	0
4	0
0	0
1	0
0	0
0	0
0	0
1	0
0	0
0	0
0	0
0	0
0	0
1	0
0	0
1	0
0	0
2	0
0	0
0	0
0	0
0	0
0	0
0	0
0	0
0	0
0	0
0	0
1	0
1	0
2	0
0	0
3	0
0	0
0	0
0	0
0	0
0	0
0	0
3	0
1	0
0	0
0	0
0	0
0	0
0	0
0	0
0	0
0	0
0	0
0	0
0	0
0	1
0	0
0	0
0	0
0	0
0	0
0	0
0	0
2	0
1	0
0	0
30	0
3	0
0	0
0	0
0	0
0	0
0	0
2	0
0	0
0	0
0	0
2	0
0	0
0	0
3	0
7	0
1	0
0	0
2	0
1	0
0	0
5	0
0	0
2	0
0	0
0	0
0	0
5	0
5	0
0	0
0	1
0	0
2	0
0	0
2	0
0	0
0	0
1	0
4	0
5	0
0	0
0	0
0	9
1	9
3	0
2	0
3	0
0	0
4	0
0	0
0	0
0	0
0	0
4	0
0	0
0	0
1	0
1	0
3	0
0	0
0	0
0	0
2	0
3	0
2	0
2	11
1	11
0	0
2	0
0	0
3	0
0	0
0	0
0	0
2	0
0	0
0	0
3	0
0	0
0	0
0	1
0	0
0	2
0	2
3	1
2	1
0	0
1	0
0	2
0	2
0	0
0	0
1	0
0	0
2	0
0	0
2	0
3	1
4	1
1	0
0	0
4	0
4	0
0	1
0	1
0	0
3	0
1	0
1	0
2	0
1	0
0	0
1	0
1	0
3	0
2	2
0	5
0	5
0	5
2	0
0	0
5	0
4	0
1	3
6	3
0	1
0	0
0	0
5	1
3	1
2	0
1	0
1	0
0	0
7	0
2	0
1	0
0	0
4	0
4	0
1	0
5	2
0	2
0	0
0	0
0	2
0	2
2	0
0	0
3	0
2	0
0	0
2	0
0	0
7	0
1	0
1	1
4	0
0	0
1	0
0	0
13	0
1	2
2	2
5	1
0	0
2	1
0	0
2	0
0	0
0	0
0	0
1	0
0	0
0	0
0	0
0	0
0	0
0	0
1	1
2	1
2	0
14	1
0	1
1	0
0	0
1	0
0	0
0	0
0	0
2	0
0	0
3	0
1	0
1	0
1	0
3	0
0	0
1	0
1	0
1	0
0	0
0	0
2	0
0	0
0	0
0	0
7	0
5	0
0	0
0	0
0	0
0	0
0	0
1	0
0	0
1	0
0	0
2	0
0	0
2	0
2	0
0	0
0	0
1	0
1	0
0	0
1	0
0	0
0	0
0	0
0	0
0	0
0	0
0	1
2	0
2	0
2	0
0	0
0	0
0	0
3	0
0	0
1	0
0	0
0	0
0	0
4	0
0	0
0	0
4	0
0	0
2	0
0	0
0	0
0	0
0	0
1	0
0	0
4	0
0	0
1	0
0	0
3	0
0	0
4	0
0	0
0	0
2	0
30	0
0	0
0	0
0	0
5	0
1	0
0	0
3	0
3	0
2	3
0	3
0	0
0	4
2	4
5	0
3	0
8	1
3	1
3	0
0	0
0	4
0	5
0	5
1	1
0	2
0	2
28	0
5	1
0	0
3	1
1	0
3	0
0	6
6	6
17	0
2	0
2	0
0	1
3	0
0	0
1	0
1	7
0	7
4	1
1	1
0	1
5	0
6	0
5	0
4	0
4	0
0	0
6	0
2	0
4	0
1	0
1	0
1	0
1	0
1	0
0	0
1	0
1	0
2	0
2	0
0	0
0	0
0	0
1	0
1	0
0	0
0	0
0	0
2	0
1	0
3	0
1	0
2	2
0	2
0	1
0	1
1	0
1	0
0	0
0	0
4	0
0	0
2	0
0	0
0	0
3	0
1	0
2	0
2	1
7	1
0	0
10	0
0	2
25	2
61	3
0	3
0	0
0	0
2	0
0	0
5	0
0	0
2	0
2	0
1	1
0	1
0	0
10	0
0	0
0	0
0	2
0	2
2	1
2	0
3	0
0	0
0	0
5	0
4	0
0	0
0	1
0	1
0	1
1	0
1	17
0	17
0	1
0	2
0	2
0	0
2	0
0	1
2	1
14	0
0	0
0	0
0	4
1	4
1	0
3	0
3	0
0	0
8	0
1	0
16	0
4	0
0	0
0	0
0	0
10	0
23	0
4	0
3	0
1	1
0	1
1	0
0	0
0	0
0	1
1	2
2	2
0	0
1	0
22	0
5	1
1	1
4	5
3	5
0	0
1	0
1	5
10	1
0	4
0	5
1	5
12	5
0	5
2	1
3	0
0	1
0	0
0	1
0	7
0	7
0	0
0	6
1	4
0	6
0	0
0	0
0	0
2	0
1	0
0	1
1	0
5	0
1	0
1	0
1	0
4	0
2	0
0	0
3	0
0	2
1	2
0	0
3	0
0	0
0	0
1	0
1	0
0	0
1	0
0	0
2	0
0	0
2	0
4	0
0	0
0	0
0	0
5	0
3	0
2	0
0	0
0	0
1	0
5	0
1	0
3	0
0	0
0	0
0	0
6	0
0	0
4	0
0	0
1	0
0	0
0	0
0	0
0	0
1	0
1	0
0	0
0	0
2	0
1	0
0	0
0	0
7	0
4	0
1	0
2	0
11	0
0	0
0	0
0	0
0	0
0	0
0	0
0	0
1	0
0	0
0	0
0	0
3	0
3	0
2	0
0	0
0	0
0	0
0	0
2	0
1	0
1	0
0	0
1	0
0	0
0	0
0	2
0	2
2	0
0	0
2	0
1	0
1	0
0	0
0	0
0	0
0	0
0	0
2	0
2	1
2	1
0	0
2	0
3	0
0	0
0	0
1	0
0	0
2	0
0	0
2	0
0	0
0	0
0	0
0	0
1	0
0	0
4	0
1	0
4	0
0	0
0	0
2	0
0	0
1	0
0	0
0	0
0	0
0	0
0	0
1	0
3	0
0	0
0	0
0	0
1	0
5	0
14	0
2	0
0	0
1	0
2	0
2	0
0	0
1	0
0	0
0	0
0	0
1	0
1	0
0	0
0	0
3	0
0	0
3	0
0	0
0	0
0	0
1	0
0	0
0	0
0	0
0	0
2	0
0	0
3	0
0	0
0	0
1	0
0	0
1	0
0	0
0	0
0	0
0	0
0	0
0	0
0	0
1	0
1	0
0	0
0	0
3	0
0	0
0	0
0	0
2	0
0	0
0	0
2	0
3	0
0	0
0	0
0	0
1	0
2	0
0	0
0	0
0	0
0	0
0	0
0	0
0	0
0	0
0	0
0	0
0	0
0	0
0	0
0	0
0	0
0	0
1	0
0	0
0	0
0	0
1	0
1	0
0	0
0	0
3	0
0	0
2	0
1	0
0	0
2	0
0	0
1	0
0	0
0	0
0	0
0	0
0	0
4	0
0	0
0	0
1	0
2	0
3	0
0	0
0	0
0	0
0	0
0	0
0	0
0	0
0	0
0	0
0	0
0	0
1	0
0	0
0	0
0	0
0	0
0	0
1	0
2	0
0	0
0	0
1	0
0	0
1	0
0	0
0	0
0	0
1	0
0	0
1	0
0	0
4	0
1	0
2	0
1	0
0	0
0	0
0	0
2	0
1	0
1	0
4	0
0	0
0	0
0	0
0	0
0	0
0	0
0	0
1	0
0	0
0	0
0	0
0	0
0	0
0	0
1	0
1	0
0	0
0	0
0	0
0	0
0	0
0	0
2	0
0	0
1	0
0	0
3	0
0	0
0	25
1	25
0	0
1	0
0	0
0	0
2	0
2	0
0	0
2	0
0	0
5	0
0	0
1	0
0	0
0	0
3	0
0	0
0	0
11	0
2	0
1	0
0	0
9	0
0	0
0	0
3	0
0	0
2	0
0	0
0	0
1	0
0	1
1	1
2	1
0	0
1	0
1	0
2	0
1	0
1	0
1	0
1	0
4	0
0	0
0	0
0	0
0	0
1	0
1	0
1	0
0	0
0	0
0	0
0	0
0	0
0	0
1	0
0	0
0	0
2	0
0	0
0	0
5	0
0	0
0	0
0	0
4	1
1	0
3	0
3	0
1	0
6	0
4	0
0	0
0	0
1	0
1	0
4	0
1	0
3	0
2	0
1	0
0	0
0	0
2	0
1	0
0	0
4	0
0	0
0	0
0	0
0	0
1	0
0	0
2	0
0	0
1	0
3	0
0	0
0	0
0	1
0	0
0	0
1	0
0	0
2	0
2	0
0	0
0	0
3	0
1	0
0	1
0	0
0	0
0	0
0	0
0	0
4	0
0	0
0	0
1	0
3	0
0	0
0	0
4	0
1	0
0	0
8	0
0	0
0	0
1	0
0	0
0	0
0	0
0	0
2	0
0	0
1	0
1	0
0	0
0	0
0	0
0	0
1	0
1	0
4	0
1	0
1	0
1	0
0	0
2	0
0	0
0	0
0	0
0	0
4	0
1	0
8	0
0	0
0	0
0	0
1	0
0	0
7	0
0	0
0	0
0	0
2	0
0	1
0	0
0	0
1	0
1	0
0	0
0	0
1	0
0	0
0	0
0	0
0	0
0	0
1	0
0	0
0	0
1	0
0	0
0	0
0	0
0	0
0	0
0	0
0	0
1	0
2	0
2	0
0	0
2	0
3	0
4	0
1	0
0	0
0	0
0	0
1	0
0	0
0	0
0	0
0	0
0	0
0	0
0	0
0	0
6	0
0	0
0	0
0	0
4	0
1	1
0	0
0	0
0	0
0	0
1	0
0	0
1	0
0	0
2	0
1	0
0	0
2	0
0	0
0	0
0	0
1	0
1	0
0	0
1	0
0	0
0	0
3	0
0	0
3	0
0	0
1	0
1	0
1	0
2	0
0	0
0	0
2	0
0	0
2	0
0	2
0	0
1	0
0	0
2	0
3	0
20	0
0	0
1	0
0	0
13	0
1	0
3	0
9	0
5	0
0	0
5	0
0	1
0	1
0	0
3	0
0	0
2	0
0	0
0	0
0	0
0	0
0	0
1	0
0	0
0	0
0	0
1	0
0	0
0	0
0	0
0	0
0	0
0	0
0	0
0	0
3	0
5	0
0	0
0	0
2	0
1	0
2	0
3	0
11	0
0	0
17	0
4	0
0	0
3	0
6	0
0	0
0	0
0	0
0	0
1	0
1	0
3	0
0	0
0	0
0	0
0	0
1	0
4	0
0	0
0	0
6	0
4	0
2	1
2	0
0	0
2	0
0	0
11	0
16	0
0	0
0	0
0	0
0	0
0	0
0	0
0	0
0	0
0	0
0	0
1	0
0	0
0	0
3	0
3	0
0	0
0	0
3	0
0	0
1	0
3	0
0	0
0	0
0	0
2	0
2	0
3	0
0	0
0	0
0	0
0	0
2	0
0	0
7	0
0	0
0	0
2	0
0	0
0	0
0	0
0	0
0	0
1	0
2	0
0	0
2	0
0	0
0	0
0	0
0	0
0	0
0	0
0	0
0	0
0	0
0	0
1	0
2	0
0	1
0	1
0	1
1	0
6	0
0	0
2	0
2	0
2	0
0	0
1	0
1	0
3	0
0	0
0	0
3	1
0	0
1	0
0	0
0	0
0	0
0	0
0	0
0	0
0	0
0	0
0	0
2	0
0	0
1	0
0	0
2	0
0	0
1	4
0	4
1	0
3	0
2	0
0	0
1	0
2	0
1	0
0	0
0	0
0	0
0	0
0	0
0	0
2	0
3	0
0	0
0	0
0	0
0	0
2	0
0	0
1	0
0	0
0	0
0	0
0	0
0	0
1	0
0	0
0	0
2	0
1	0
0	0
0	0
0	0
0	0
0	0
1	0
2	0
0	0
0	0
0	0
0	0
0	0
0	0
2	0
3	0
1	0
0	0
0	0
0	0
1	0
1	0
1	0
1	0
2	0
0	0
0	0
0	0
2	0
0	0
0	0
4	0
0	0
1	0
0	0
2	0
1	0
0	0
0	0
0	0
0	0
3	0
0	0
1	0
0	0
1	0
1	0
0	0
0	0
0	0
1	0
0	0
0	0
3	0
0	0
0	0
0	0
0	0
0	0
3	0
0	0
0	0
1	0
0	0
0	0
0	0
0	0
0	0
2	0
2	0
0	0
0	0
0	0
1	0
1	0
0	0
0	0
2	0
1	1
0	0
0	1
0	0
1	0
0	0
0	0
7	0
0	0
2	0
1	0
0	0
0	0
0	0
1	0
0	0
0	1
2	1
0	0
1	0
5	0
1	0
0	1
1	0
0	0
1	0
0	0
2	0
0	0
0	0
0	0
0	0
0	0
0	0
0	0
1	0
0	0
0	0
1	0
2	0
12	0
0	0
0	0
1	0
2	0
0	0
0	0
0	0
2	0
2	0
0	0
1	0
0	0
2	0
0	0
0	0
1	0
0	0
0	0
0	0
1	0
1	0
1	0
2	0
0	0
0	0
0	0
1	0
0	0
1	0
0	0
2	0
0	0
2	0
0	0
0	0
0	0
1	0
0	0
1	0
0	0
2	0
0	0
1	0
2	0
2	0
0	0
3	0
0	0
2	0
0	0
2	0
1	0
2	0
0	0
0	0
1	0
7	0
4	0
3	0
0	0
3	0
0	0
2	0
0	0
2	0
0	0
0	0
0	0
0	0
1	0
1	0
1	0
2	0
0	0
0	0
0	0
0	0
0	0
0	0
1	0
0	0
1	0
1	0
0	0
0	0
3	0
1	0
2	0
0	0
4	0
4	0
2	0
0	0
0	0
0	0
4	0
1	0
1	0
0	0
3	0
3	0
0	0
0	0
1	0
0	0
1	0
9	0
0	0
0	0
0	0
0	0
0	2
1	2
0	0
0	0
1	0
0	0
0	0
0	0
1	0
0	0
0	0
0	0
0	0
0	0
1	0
1	0
3	22
0	8
2	2
0	22
0	0
1	0
0	0
0	0
0	0
0	0
4	0
0	1
2	1
0	0
0	0
2	0
2	0
1	0
1	0
0	0
6	0
0	0
0	0
3	1
0	1
3	0
0	0
0	0
0	0
0	0
0	0
0	0
0	0
0	0
0	0
2	0
0	0
0	0
2	0
0	0
1	0
0	0
0	0
2	0
0	0
0	0
0	0
1	0
0	0
0	0
0	0
1	0
0	0
0	0
0	0
1	0
2	0
5	0
1	0
2	0
0	0
0	0
2	0
0	0
0	0
2	0
1	0
0	0
0	0
0	0
0	0
2	0
0	0
1	0
0	0
0	0
2	0
0	0
1	0
1	0
0	0
0	0
2	0
0	0
0	0
0	0
0	0
0	0
2	0
0	0
8	0
2	0
2	0
0	0
1	1
0	0
3	0
0	0
0	0
1	0
0	0
0	0
0	0
0	0
0	0
0	0
0	0
3	0
0	0
0	0
1	0
0	1
0	0
0	0
0	0
6	0
0	0
2	0
3	0
3	0
0	0
0	0
1	0
0	0
0	0
0	0
0	0
0	0
2	2
1	0
0	0
0	0
0	0
1	0
0	0
2	2
0	1
0	1
1	0
0	0
0	0
2	0
1	0
0	0
2	0
1	0
1	0
0	0
0	2
1	2
1	0
2	0
1	0
2	1
0	1
0	0
2	0
0	0
3	0
0	0
2	0
2	0
1	0
1	0
4	0
2	0
0	0
1	0
0	0
0	1
4	1
7	0
0	0
0	0
0	0
0	0
2	0
0	0
2	0
1	0
3	0
0	0
0	0
1	0
1	0
0	0
0	0
2	0
5	0
1	2
0	2
0	0
2	0
5	0
0	0
0	0
1	0
0	0
0	0
0	0
0	0
0	0
2	1
2	0
0	0
0	0
3	0
0	0
0	0
4	1
2	0
1	0
0	2
3	2
4	0
7	1
1	1
2	0
0	1
0	1
1	0
10	0
3	0
1	0
0	0
4	0
0	0
0	0
0	0
1	0
0	0
1	2
0	1
0	0
0	0
1	1
0	0
0	0
2	0
0	0
0	0
0	0
2	0
1	0
1	0
0	0
1	0
0	0
3	0
0	0
1	0
0	0
2	0
4	0
0	0
2	0
0	0
0	0
0	0
0	0
0	0
0	2
2	2
0	0
0	2
0	2
0	0
0	0
0	0
3	0
1	0
1	0
0	1
0	1
1	0
0	0
3	0
0	0
4	0
0	0
2	3
0	3
1	0
0	0
0	0
1	0
0	1
0	1
1	0
9	0
0	0
0	0
2	0
4	0
2	0
0	0
1	0
1	0
0	0
0	3
10	3
7	0
5	0
0	0
0	1
0	1
2	0
0	0
0	0
2	0
0	1
0	1
1	0
0	0
0	1
1	1
0	0
1	0
1	0
0	0
1	0
1	0
3	0
1	0
2	0
0	0
0	0
1	0
1	0
9	0
0	0
3	4
2	11
1	5
3	7
0	0
0	0
6	0
0	0
0	1
5	1
1	0
0	0
2	0
0	0
2	1
0	1
2	0
3	0
0	0
0	0
1	0
0	0
0	0
5	2
2	3
1	0
0	0
2	0
0	0
1	0
0	0
0	0
2	0
0	0
3	0
2	0
0	0
1	0
0	0
1	0
3	0
2	0
0	0
1	0
1	0
0	0
0	0
1	0
0	0
3	0
0	0
2	0
2	0
0	0
0	0
0	0
0	0
0	0
0	0
9	0
0	0
1	0
0	0
0	0
1	0
3	0
1	2
0	0
0	1
4	0
0	0
3	0
2	0
2	0
2	0
0	0
3	0
0	0
1	0
3	0
10	0
9	0
0	1
0	0
0	0
1	0
0	0
2	0
0	0
2	0
2	0
0	0
2	0
0	0
0	0
2	0
1	0
2	0
0	0
5	0
0	0
1	0
0	0
0	0
0	0
0	0
3	0
1	0
1	0
2	0
3	0
0	0
0	0
1	0
1	0
0	0
2	0
1	0
0	0
0	0
1	0
1	0
3	0
1	0
0	0
1	0
5	0
0	0
2	0
0	1
0	0
0	0
4	0
2	0
2	0
0	0
1	0
2	0
4	0
0	0
19	0
2	0
0	0
0	0
2	0
1	0
0	0
0	0
0	0
0	0
0	0
0	0
1	0
0	0
4	0
2	0
4	0
0	0
1	0
1	0
10	0
1	0
0	0
0	0
0	0
0	0
5	0
0	0
1	0
2	0
0	0
0	0
0	0
0	0
2	0
0	0
0	0
10	0
0	0
0	0
0	0
2	0
0	0
0	0
0	0
2	0
0	0
0	0
1	0
0	0
0	0
2	0
0	0
0	0
0	0
0	0
3	0
1	0
0	0
0	0
3	0
2	0
4	0
0	0
2	0
0	0
1	0
1	0
0	0
0	0
0	0
1	0
0	0
1	0
0	0
2	0
1	0
0	0
0	0
0	0
0	0
0	0
0	0
0	0
2	0
1	0
1	0
0	0
0	0
0	0
1	0
0	0
0	0
0	0
0	0
1	0
1	0
0	0
0	0
0	0
0	0
2	0
2	0
2	0
0	0
0	0
3	0
1	0
0	0
2	0
0	0
0	0
1	0
0	0
0	0
0	0
5	0
1	0
0	0
2	0
1	0
7	0
2	0
3	0
0	0
0	0
1	1
3	0
2	0
2	0
0	0
1	0
0	0
1	0
3	0
0	0
0	0
1	0
2	0
0	0
3	0
5	0
0	0
0	0
0	0
0	0
0	0
1	0
1	0
4	0
1	0
0	0
1	0
0	0
4	0
0	0
0	0
9	0
1	0
1	0
0	0
0	0
0	0
0	0
0	0
0	0
1	0
0	1
0	0
2	0
2	0
0	0
6	0
0	0
0	0
1	0
1	0
0	0
0	0
1	0
2	0
2	0
0	0
0	0
0	0
0	0
0	0
0	0
1	0
2	0
0	0
0	0
0	0
0	0
0	0
13	0
0	0
0	0
7	0
0	0
6	0
19	0
0	0
4	0
2	0
2	0
3	0
11	1
1	0
1	0
1	0
0	6
3	6
16	0
2	0
1	0
2	0
1	0
0	0
1	0
0	0
12	0
0	0
0	0
0	0
11	0
2	0
0	0
0	0
3	0
0	0
0	0
1	0
0	0
7	0
1	0
7	0
0	0
2	0
0	0
0	0
3	0
0	4
0	4
0	0
0	0
0	0
1	0
0	0
0	0
0	0
2	0
7	0
1	0
0	0
0	0
2	0
2	0
2	0
0	0
1	1
0	0
0	0
2	0
0	0
2	0
0	0
0	0
3	0
0	0
3	0
1	0
0	0
2	0
2	0
4	0
2	0
0	0
0	0
4	0
0	0
0	0
4	0
0	0
5	0
0	0
0	0
2	0
7	0
0	0
0	0
0	0
0	0
1	0
1	0
1	0
0	0
0	0
3	0
9	0
0	2
0	2
2	0
1	0
0	0
0	0
0	0
3	0
0	0
0	0
0	0
2	0
0	0
0	1
1	1
1	0
0	0
0	0
0	0
2	0
3	0
1	0
0	0
0	0
0	0
2	0
1	0
4	0
0	1
0	1
0	0
0	0
0	0
0	0
1	0
2	0
0	0
0	0
0	0
0	0
0	0
0	0
0	0
1	0
0	0
0	0
2	0
0	0
0	0
1	0
0	0
1	0
1	0
3	0
2	0
0	0
0	0
3	0
1	0
3	0
0	0
0	0
0	0
0	0
2	0
0	0
2	0
1	0
0	0
0	0
1	0
0	0
1	0
0	4
0	4
2	0
1	0
1	0
0	0
5	0
2	0
0	0
0	0
0	0
1	0
2	0
0	0
1	0
1	0
1	0
0	0
0	0
0	0
0	0
0	0
0	0
1	0
13	0
9	0
2	0
0	0
0	0
2	0
1	0
4	0
1	0
0	0
0	0
7	0
7	0
1	0
4	0
0	0
2	0
2	0
2	0
0	0
0	0
0	0
1	0
2	0
8	0
1	0
2	0
0	0
0	0
2	0
1	0
0	0
0	0
0	0
0	0
3	0
4	0
4	0
0	0
6	0
1	0
10	0
0	0
0	0
5	0
3	0
0	0
2	0
0	0
1	0
4	0
1	0
5	0
0	0
0	0
0	0
0	0
3	0
0	0
1	0
2	0
1	0
0	0
1	0
1	0
2	0
5	0
1	0
0	0
0	0
4	0
1	0
0	0
1	0
1	0
1	0
2	0
2	0
1	0
2	0
2	0
0	0
0	0
0	0
1	0
2	0
0	0
2	0
6	0
2	0
0	0
4	0
5	0
0	0
0	0
2	0
0	0
1	0
0	0
0	0
0	0
0	0
0	1
3	0
0	0
6	0
0	0
4	0
0	0
0	0
0	0
1	0
1	1
0	0
0	0
0	0
2	0
0	0
0	0
0	0
0	0
2	0
4	0
0	0
1	0
0	0
1	0
0	0
2	1
2	1
0	0
0	0
0	0
0	0
0	0
1	1
0	0
1	0
0	0
0	0
1	0
2	0
0	0
0	0
4	0
0	0
3	0
0	0
0	0
2	0
2	0
0	0
0	0
0	0
0	0
0	0
0	0
0	0
0	0
2	0
2	0
1	0
0	0
7	0
0	0
1	0
0	0
0	0
0	0
1	0
2	0
1	0
0	0
0	0
0	0
1	0
3	0
0	0
0	0
0	0
0	0
0	0
0	0
0	0
1	0
0	0
0	0
0	0
4	0
0	0
0	0
0	0
1	0
0	0
0	0
0	0
0	0
0	0
0	0
1	0
0	0
3	0
0	0
0	0
1	0
0	0
1	0
1	0
1	0
0	0
0	0
1	0
2	0
0	0
0	0
1	0
2	0
0	10
0	10
11	0
1	0
0	2
3	57
2	51
3	23
0	59
1	64
1	55
4	11
0	0
2	0
0	1
0	0
0	0
11	0
3	0
0	0
0	0
1	0
0	10
0	10
8	0
16	0
0	0
2	0
0	21
0	21
0	15
3	0
0	0
0	1
0	1
6	0
14	6
0	7
11	0
2	0
11	0
3	0
10	1
0	1
0	0
20	0
5	0
17	36
18	36
8	0
5	0
0	0
0	23
0	7
0	21
0	23
0	29
0	28
0	29
1	71
4	84
0	72
2	0
0	18
0	19
0	15
5	0
0	3
0	3
19	0
8	0
2	13
0	13
0	4
0	3
2	3
3	2
0	0
0	0
1	0
2	0
1	0
2	0
1	0
0	2
1	2
0	1
0	18
0	14
0	14
0	18
1	0
0	10
1	3
6	13
0	3
0	9
2	0
0	6
11	6
6	22
0	22
0	11
1	12
2	7
1	0
0	0
0	0
0	1
2	0
0	1
0	0
1	0
260	0
8	1
0	5
0	18
2	18
5	0
0	22
0	22
1	22
9	0
3	3
0	3
4	0
3	4
0	4
10	3
18	0
0	55
2	34
0	61
0	47
0	0
0	0
1	0
9	0
7	0
0	0
1	18
1	14
0	19
0	15
1	0
4	0
22	0
3	0
1	2
1	0
3	0
9	0
1	2
4	3
0	1
1	0
0	20
2	23
2	19
0	9
0	0
0	27
31	27
0	0
11	0
14	0
5	0
9	0
16	0
0	2
0	2
6	0
0	0
2	12
1	22
1	12
0	10
23	0
7	1
2	0
6	0
10	0
0	0
0	0
1	0
0	5
0	5
6	0
0	6
0	4
1	5
0	2
1	10
7	10
8	0
19	0
60	0
0	5
2	2
0	0
1	3
0	3
2	5
0	0
0	0
2	0
6	0
6	0
15	0
2	0
0	0
5	0
101	0
0	0
4	0
2	0
73	0
2	0
0	0
0	32
0	33
2	27
1	31
0	31
0	0
2	12
9	12
5	0
0	11
0	11
1	8
1	3
0	3
1	11
0	3
2	11
2	7
0	7
0	0
38	0
1	7
14	7
31	23
1	0
2	16
0	0
0	0
3	0
4	26
5	26
0	0
0	7
0	4
0	7
26	0
1	0
2	10
0	10
0	2
1	2
0	2
4	0
3	0
4	0
1	0
16	0
2	0
0	0
18	0
1	0
12	3
0	3
2	0
2	0
0	0
2	0
0	0
1	1
0	1
0	1
0	0
0	0
1	0
2	0
2	0
0	0
1	0
0	0
0	0
0	0
4	0
0	0
2	0
1	0
0	1
1	0
0	0
0	0
0	0
0	0
0	0
3	0
0	0
0	0
0	0
0	0
0	0
0	0
0	0
0	0
0	0
0	0
1	0
0	0
0	0
0	0
1	0
1	1
0	0
0	0
0	0
4	0
0	0
0	0
0	0
2	0
0	0
2	0
1	0
0	0
0	0
0	0
0	0
1	0
0	0
5	0
1	0
5	0
0	0
0	0
1	0
0	0
3	0
0	0
0	0
0	0
1	0
1	0
0	0
0	0
0	0
3	0
1	0
0	0
0	0
1	0
0	0
2	0
3	0
0	0
0	0
2	0
0	0
0	0
2	1
0	0
2	0
2	0
10	0
1	0
1	0
3	0
13	0
1	0
0	0
7	0
13	0
1	0
0	0
2	0
0	0
3	0
0	0
0	0
3	0
0	0
0	0
0	0
1	0
1	0
0	0
0	0
1	0
3	0
0	0
0	0
0	0
2	0
6	0
3	1
0	0
0	0
2	0
2	0
0	0
0	0
1	0
1	0
1	0
0	0
1	1
0	0
0	0
0	0
2	0
0	0
4	0
0	0
1	0
3	0
0	0
6	0
3	0
2	0
0	0
10	0
3	0
0	0
0	0
0	0
4	0
0	0
1	0
0	0
2	0
0	0
0	0
0	0
0	0
0	0
2	0
0	0
3	0
4	0
0	0
0	0
0	0
4	0
1	0
1	0
1	0
0	2
3	2
1	0
1	0
1	0
0	0
0	0
3	0
1	0
2	0
1	0
0	0
0	0
1	0
4	0
4	0
0	0
0	0
4	0
0	0
0	0
0	0
0	0
0	0
1	0
0	0
0	0
0	0
2	0
2	0
0	0
0	0
2	0
4	0
14	0
0	0
0	0
5	0
3	0
0	0
2	0
0	0
2	0
1	0
0	0
0	1
0	0
5	0
0	0
5	0
0	0
0	0
2	0
8	0
2	0
9	0
0	0
17	0
6	0
4	0
0	0
2	0
4	0
0	0
0	0
0	0
3	0
1	0
1	0
0	0
2	0
2	0
4	0
0	0
1	0
1	0
2	0
1	0
1	0
2	0
2	0
0	0
1	0
0	0
5	0
0	0
0	0
1	0
2	0
2	0
0	0
0	0
8	0
0	0
2	0
1	0
0	0
1	0
3	0
0	0
0	0
0	0
1	0
3	0
0	0
3	0
5	0
0	0
0	0
0	0
0	0
1	0
0	0
0	0
4	0
0	0
0	0
0	0
1	0
1	0
0	0
1	0
1	0
1	3
3	3
0	0
7	0
2	0
0	0
0	2
2	2
0	0
0	2
1	2
0	0
0	0
0	0
2	0
1	0
0	0
0	0
0	0
0	0
0	0
7	0
0	0
2	0
0	0
0	0
1	0
0	0
0	0
0	0
3	0
1	0
0	0
3	0
3	0
0	0
0	0
0	0
0	0
0	0
6	1
0	1
1	0
0	0
0	0
0	0
0	0
2	0
0	0
1	0
0	0
1	0
0	0
3	0
0	0
0	0
1	0
0	0
0	0
0	0
0	0
0	0
0	1
1	1
2	0
0	0
0	0
0	0
0	0
14	0
3	0
10	0
1	0
0	0
0	0
0	0
0	0
0	0
1	0
0	0
0	0
0	0
0	2
1	2
2	0
0	0
0	0
1	0
0	0
2	0
5	0
2	0
3	0
8	0
1	0
0	0
1	0
0	0
0	0
3	0
0	0
0	0
4	0
2	0
0	0
4	0
6	0
3	0
2	0
16	0
0	0
1	0
0	0
7	0
4	1
0	0
0	0
3	0
3	0
0	0
0	0
4	0
0	0
1	0
0	0
0	0
0	0
0	0
5	0
0	0
1	0
0	0
1	0
0	3
4	3
0	0
0	0
2	0
0	0
2	0
0	0
0	0
0	0
0	0
0	0
1	0
0	0
4	0
0	0
0	0
0	0
1	0
1	0
0	0
2	0
1	0
0	0
0	0
0	0
2	0
0	0
1	0
0	0
2	0
0	0
0	0
1	0
0	0
0	0
3	0
2	0
0	0
0	0
1	0
0	0
5	0
0	0
0	0
2	0
1	0
0	0
0	0
2	0
3	0
3	0
2	0
0	0
2	0
2	0
5	0
0	0
0	0
2	0
2	0
1	0
0	0
1	0
0	0
1	0
0	0
0	0
0	0
1	0
1	0
0	0
0	0
0	0
2	0
0	0
0	0
0	0
0	0
3	0
0	0
2	0
1	0
0	0
1	0
2	0
0	0
1	0
0	0
2	0
0	0
3	0
0	0
0	0
0	0
0	0
5	0
0	0
0	0
0	0
1	0
0	0
0	0
0	0
0	0
1	0
0	0
1	0
0	0
2	0
3	0
1	0
1	0
0	0
0	0
0	0
0	0
0	0
0	0
0	0
0	0
1	0
1	0
0	0
0	0
1	0
1	0
0	0
0	0
1	0
0	0
0	0
4	0
0	0
1	0
0	0
0	0
0	0
0	0
0	0
0	0
1	0
0	0
0	0
0	0
0	0
0	0
0	0
0	0
0	0
2	0
0	0
0	0
0	0
2	0
0	0
0	0
0	0
1	0
0	0
1	0
0	0
0	0
0	0
2	0
0	0
0	0
0	0
0	0
0	0
0	0
1	0
1	0
1	0
1	0
0	0
2	0
1	0
1	0
1	0
0	0
0	0
3	0
0	0
0	0
0	0
0	0
1	0
0	0
0	0
0	0
0	0
2	0
2	0
1	0
0	0
19	0
4	0
3	0
15	0
0	0
0	0
0	0
2	0
12	0
0	0
1	0
0	0
1	2
1	2
0	1
0	1
8	0
1	0
3	0
3	1
0	0
3	0
1	4
0	6
0	5
0	7
2	0
0	0
4	0
0	1
1	1
0	1
0	1
0	0
8	0
9	35
0	35
4	2
6	2
0	3
0	3
12	0
0	0
0	3
2	3
0	0
5	0
2	1
4	1
17	0
14	0
4	0
0	11
5	11
0	0
0	0
0	0
0	3
1	3
16	5
1	5
0	0
0	4
0	4
1	0
1	0
3	0
0	0
0	0
3	0
1	0
1	0
0	0
0	0
1	0
0	0
23	0
0	16
1	6
0	18
1	22
12	0
6	0
3	3
0	1
2	2
0	0
0	0
0	0
0	0
0	0
0	1
2	1
14	0
1	0
2	0
12	0
0	0
0	0
0	2
0	2
1	0
5	0
0	3
1	1
1	4
0	0
0	0
7	0
0	2
2	2
18	0
0	0
1	9
0	9
0	0
0	0
1	0
0	2
5	2
0	2
1	2
9	2
1	62
0	62
2	0
0	5
0	1
0	4
0	5
1	46
0	45
12	47
16	0
3	33
0	33
0	0
3	4
0	4
8	0
8	0
0	0
7	0
3	4
0	1
0	3
1	0
1	0
4	0
0	3
0	0
6	3
0	0
0	0
1	0
5	0
0	2
0	2
4	0
0	4
0	4
1	1
0	16
0	14
0	17
0	0
2	0
0	0
0	0
0	0
0	0
0	0
0	0
0	7
3	116
0	90
1	116
2	0
2	0
1	0
2	0
0	0
8	12
0	12
0	0
2	5
0	6
2	6
1	0
0	3
0	3
2	3
1	0
9	0
13	0
0	0
1	0
2	0
6	0
2	0
0	0
0	0
4	0
2	0
4	17
0	16
1	17
0	3
1	3
3	0
0	0
0	4
0	7
8	0
2	7
1	0
0	0
1	0
2	0
7	0
5	0
0	0
0	0
4	0
2	0
0	0
4	0
3	0
2	1
0	0
0	0
1	0
0	0
0	0
0	1
0	5
0	5
2	0
3	0
2	0
1	0
1	0
2	0
6	0
7	0
2	0
3	4
0	4
3	1
1	1
3	0
2	0
0	0
0	0
0	0
4	2
1	2
2	0
4	0
2	0
3	0
0	0
3	1
1	1
1	0
0	0
0	0
0	0
0	0
0	0
0	0
3	0
0	0
0	0
2	0
5	0
0	0
2	1
3	1
0	0
0	0
1	0
11	0
0	0
12	0
1	0
0	0
1	0
0	0
1	0
2	0
0	0
0	0
4	0
1	0
0	0
3	0
0	5
5	5
0	0
3	0
0	0
2	0
0	0
0	0
0	0
0	8
1	0
3	8
0	0
4	0
3	0
15	0
4	0
1	0
1	0
0	0
2	0
0	0
1	0
5	0
0	0
0	19
1	19
3	0
1	0
0	0
1	0
1	0
0	0
1	0
2	0
0	0
0	0
1	0
0	0
0	0
0	0
0	0
0	0
0	0
0	0
8	0
0	0
0	0
0	0
2	0
0	0
0	0
2	0
0	0
1	0
3	0
2	0
1	0
2	0
2	0
1	0
0	0
0	0
19	0
0	0
0	0
13	0
1	0
3	0
0	0
7	0
0	0
2	0
0	0
1	0
3	0
3	0
0	0
3	0
4	0
0	0
1	0
0	0
7	0
0	0
1	0
0	0
0	0
8	0
0	0
10	0
2	0
0	0
3	0
0	0
0	0
1	0
0	0
1	0
0	0
1	0
1	0
0	0
0	0
1	0
2	0
0	0
0	0
0	0
0	0
1	0
0	0
0	0
0	0
0	0
0	0
2	0
0	1
1	0
1	0
0	0
0	0
6	0
2	0
1	0
0	0
2	0
4	0
1	0
0	0
6	0
1	0
3	0
1	0
0	0
1	0
2	0
0	0
3	0
5	0
3	0
3	0
0	0
0	0
0	0
0	0
0	0
1	0
0	0
1	0
0	0
1	0
0	0
0	0
0	0
0	0
2	0
4	0
4	0
1	0
0	0
0	0
1	0
6	0
1	0
1	0
0	0
0	0
1	0
0	0
0	0
0	0
0	0
0	0
0	0
0	0
0	0
5	0
0	0
6	0
2	0
0	0
0	0
2	0
0	0
0	0
0	0
2	0
0	0
2	0
0	0
1	0
0	0
1	0
0	0
1	0
0	0
1	9
0	1
0	9
0	0
2	0
2	0
0	0
0	0
0	0
4	0
0	0
0	0
3	0
11	0
1	0
0	0
0	0
2	0
0	0
0	0
0	33
0	33
1	0
2	0
0	0
2	2
0	2
5	9
1	9
1	0
1	0
0	3
2	3
4	0
0	0
0	0
0	0
0	0
5	0
0	0
3	0
2	0
8	22
0	22
5	0
2	0
1	1
1	1
2	0
0	0
0	0
1	0
0	0
0	0
0	0
1	0
0	0
0	0
2	0
0	0
0	0
7	0
0	0
0	0
1	0
0	0
1	0
0	0
0	0
7	0
0	0
0	0
1	0
1	0
2	0
1	0
9	0
3	0
0	0
0	0
0	0
4	0
0	0
0	0
0	0
0	0
0	0
2	0
0	0
0	0
2	0
1	0
0	0
0	0
0	0
1	0
3	0
0	0
1	0
1	0
3	0
5	0
0	0
0	0
2	0
1	0
5	0
0	0
1	0
1	0
0	0
1	0
3	0
2	0
0	0
0	0
3	0
1	0
0	0
0	0
0	0
3	0
0	0
0	1
0	0
1	0
0	0
0	0
1	0
2	0
3	0
0	0
2	0
0	0
0	0
1	0
0	0
2	1
0	0
0	1
0	0
0	0
2	0
0	0
0	0
0	0
0	0
2	0
3	0
1	0
2	0
1	0
0	0
0	0
1	0
0	0
2	0
0	0
0	0
0	0
0	0
0	0
0	0
0	0
0	0
1	0
0	0
0	0
0	0
1	0
1	0
2	0
0	0
1	0
1	0
5	0
0	0
3	0
2	0
1	0
0	0
0	0
1	0
0	0
5	0
0	0
3	0
0	0
0	0
0	0
2	0
4	0
0	0
2	0
0	0
0	0
2	0
10	0
10	0
0	0
25	0
2	0
7	0
1	0
5	0
33	0
2	0
1	0
0	0
0	0
2	0
0	0
2	0
0	0
5	0
1	0
0	0
5	0
0	0
0	0
1	0
0	0
2	0
0	0
0	0
2	0
3	0
0	1
1	0
0	0
1	0
1	0
1	0
1	0
0	0
9	0
4	0
3	0
3	0
0	0
2	0
13	0
5	0
3	0
5	0
2	0
2	0
0	0
0	0
2	0
0	0
5	0
0	0
0	0
1	0
0	0
0	0
0	0
0	0
0	0
0	0
1	0
0	0
2	0
5	0
0	0
6	0
3	0
0	0
4	0
2	0
3	0
0	0
1	0
0	0
0	0
0	0
0	0
9	0
3	0
1	0
0	0
0	0
0	0
1	0
3	0
0	0
11	0
0	0
0	0
0	0
0	0
4	0
3	0
1	0
1	0
1	1
5	0
2	0
4	0
1	0
0	0
0	0
0	0
0	0
2	0
0	0
0	0
0	0
14	0
0	0
6	0
2	0
0	0
1	0
0	0
6	0
1	0
2	0
1	0
0	0
0	0
12	0
5	0
1	0
0	0
0	0
1	0
0	0
0	0
2	0
0	0
10	0
0	0
0	0
0	0
3	0
1	0
1	0
0	0
0	0
2	0
0	0
1	0
0	0
0	0
0	0
1	0
0	0
0	0
2	0
5	0
7	0
0	0
3	0
0	0
0	0
3	1
1	0
1	0
0	0
2	0
1	0
1	0
0	0
0	0
2	0
0	0
0	0
2	0
1	0
2	0
0	0
2	0
1	0
3	0
0	0
4	0
0	0
0	0
5	0
0	0
0	0
0	0
14	0
1	0
1	0
0	0
1	0
0	0
0	0
0	0
2	0
0	0
4	1
1	0
0	0
0	0
2	0
1	1
0	0
0	0
3	0
2	0
1	1
0	0
0	0
2	0
0	0
2	0
4	0
0	0
0	0
0	0
2	0
1	0
2	0
0	0
0	0
0	0
3	0
2	1
0	0
0	0
2	0
0	0
3	0
0	0
0	0
8	0
0	0
3	0
1	0
2	0
1	0
8	0
2	0
5	0
4	0
0	0
4	1
2	0
0	0
1	0
0	0
1	0
0	0
1	0
1	0
0	0
0	0
0	0
1	0
0	0
0	0
0	0
2	0
0	0
0	0
1	0
2	0
0	1
5	0
2	0
0	0
0	1
0	0
2	0
2	0
0	0
1	0
0	0
0	0
0	0
0	0
0	0
0	0
0	0
0	0
0	0
0	0
0	0
1	0
0	0
1	0
0	0
0	0
0	0
0	0
3	0
1	0
0	0
2	0
0	0
0	0
0	0
0	0
0	0
0	0
2	0
2	0
0	0
0	0
0	0
0	0
0	0
1	0
0	0
2	0
2	0
0	0
1	0
0	0
0	0
0	0
0	0
0	0
0	0
0	0
2	0
1	0
0	0
2	0
0	0
1	0
0	0
0	0
0	0
0	0
0	0
0	0
0	0
3	0
0	0
0	1
1	1
0	0
3	0
0	0
2	0
0	0
5	0
1	0
2	0
2	0
0	0
0	0
0	0
0	0
1	0
0	0
1	0
0	0
0	0
0	0
1	0
3	0
2	0
0	0
1	0
0	0
1	0
0	0
0	2
0	2
0	0
0	0
0	0
4	0
6	0
0	0
0	1
0	0
0	0
0	0
0	0
2	0
1	0
1	0
1	0
1	0
0	0
0	0
0	0
0	0
0	0
0	0
0	0
0	0
0	0
0	2
0	2
4	0
0	0
0	6
1	0
4	6
0	0
0	0
1	0
5	0
0	0
0	0
0	0
0	0
0	0
4	0
0	0
2	0
5	2
1	2
0	0
1	0
5	0
2	0
0	0
0	0
0	0
0	0
0	0
0	0
1	0
0	0
1	0
0	0
2	0
0	0
3	0
1	0
1	0
0	0
0	0
1	0
0	0
3	0
2	0
0	0
0	0
0	0
2	0
7	0
0	0
0	0
0	0
2	0
0	0
0	0
3	0
2	0
0	0
1	0
0	0
1	0
0	0
0	0
2	0
0	0
1	0
1	0
1	0
0	0
0	0
0	0
1	0
8	0
1	0
0	0
0	0
0	0
1	0
1	0
2	0
0	0
0	0
0	0
1	0
0	0
0	0
0	0
0	0
1	0
2	0
0	0
2	0
17	0
3	0
1	0
0	0
4	0
0	0
1	0
9	0
1	0
1	0
1	0
0	0
0	0
1	0
0	0
0	0
0	0
2	0
1	0
0	0
0	0
0	0
11	0
2	0
0	0
5	0
0	0
1	0
8	0
0	0
2	0
0	0
0	0
2	0
0	0
0	0
0	0
4	0
0	0
1	0
1	0
0	0
3	0
0	0
0	0
2	0
0	1
0	1
0	0
2	0
0	0
3	0
2	0
0	0
0	0
1	0
0	0
0	0
6	0
0	0
0	0
0	0
0	0
1	0
1	0
0	0
1	0
1	0
0	0
0	0
2	0
6	0
0	0
0	0
0	0
0	0
0	0
0	0
1	0
1	0
6	0
0	0
2	0
0	0
0	0
0	0
3	0
0	0
0	0
3	0
3	0
0	0
2	0
1	0
1	0
3	0
3	0
1	0
0	1
0	1
4	2
7	2
0	0
1	0
2	0
0	1
2	1
0	0
0	0
4	0
0	0
1	0
0	0
1	1
0	1
1	0
1	0
0	1
3	1
0	0
0	0
0	0
0	0
0	0
0	0
1	0
6	0
0	0
0	0
0	0
1	0
1	0
0	0
3	0
0	0
0	0
1	0
0	0
1	0
1	0
0	0
3	0
4	0
0	0
0	0
1	0
0	2
0	2
0	0
0	0
1	0
0	0
0	0
3	0
3	0
2	0
1	0
2	0
0	0
0	0
1	0
3	0
2	0
1	0
0	1
1	0
2	0
1	0
0	0
0	0
1	0
0	0
0	0
4	0
1	0
0	0
9	0
5	0
0	0
0	0
0	0
0	0
0	0
0	0
0	0
0	8
0	8
1	0
1	0
4	0
0	0
3	0
1	0
0	0
3	0
0	0
0	0
0	0
12	0
3	0
5	0
3	0
0	0
0	0
1	0
0	0
1	1
4	1
0	0
2	0
2	0
0	0
4	3
1	3
0	0
6	0
0	0
0	0
1	0
1	0
0	0
0	0
1	0
1	2
1	2
1	0
3	0
9	0
0	0
0	0
0	0
0	0
0	0
1	0
0	3
0	2
2	0
0	0
8	8
0	8
2	0
1	0
0	0
0	0
0	0
3	0
0	0
1	0
1	0
2	0
1	0
0	0
3	0
2	0
0	0
0	0
1	0
2	0
3	0
1	0
0	0
0	4
2	4
3	0
0	0
2	2
0	2
0	0
0	0
0	0
0	0
0	0
0	0
0	0
3	0
6	0
0	0
3	0
4	0
2	0
3	0
1	0
4	0
4	0
0	0
3	0
0	0
0	0
0	0
3	0
1	0
0	0
4	0
0	0
3	0
0	0
0	0
3	0
0	0
3	5
0	5
0	0
0	0
1	0
17	0
12	0
1	0
2	0
4	0
0	0
3	0
0	0
1	0
0	0
1	0
0	0
0	0
1	0
2	0
0	0
2	0
0	0
3	0
0	0
3	0
7	0
10	0
0	0
1	0
3	0
17	0
0	0
2	0
6	0
11	0
1	0
0	0
0	0
2	0
0	0
8	29
0	29
0	0
0	0
2	0
0	0
5	0
0	0
12	0
4	0
0	0
6	0
0	0
5	0
0	0
0	0
0	0
5	0
0	0
3	0
0	0
1	0
2	0
1	0
1	0
1	0
2	0
0	0
3	0
7	0
0	0
1	0
2	0
6	0
2	0
0	0
7	0
0	0
0	0
1	0
0	0
3	0
9	0
3	14
2	14
0	0
0	0
0	0
2	0
1	0
0	0
3	16
0	5
1	16
6	0
4	0
0	0
0	0
1	0
1	0
1	0
0	0
3	0
4	0
0	0
0	1
0	0
0	0
0	0
1	0
0	0
0	0
0	0
2	0
0	0
2	0
1	0
0	0
5	0
2	0
0	0
0	0
0	0
1	0
0	0
1	0
0	0
0	0
1	0
1	0
0	0
0	0
3	0
2	0
0	0
0	0
1	0
1	0
0	0
0	0
2	0
2	0
1	0
0	0
0	0
0	0
0	0
2	0
2	0
0	0
0	0
0	0
1	0
0	1
0	0
2	0
2	0
0	0
0	0
1	0
2	0
0	0
1	0
5	1
0	0
0	0
0	0
0	0
2	0
0	0
0	0
4	0
0	0
0	0
0	0
0	0
0	0
0	0
0	0
0	0
0	0
0	0
1	0
0	0
2	0
0	0
0	0
0	0
0	0
0	0
0	0
0	0
1	1
0	0
5	0
0	0
5	0
0	0
0	0
0	0
3	0
0	0
1	0
4	0
0	0
8	0
1	1
3	2
2	2
3	0
0	0
1	0
4	0
0	0
1	0
1	0
0	0
3	0
3	0
2	0
1	0
0	0
1	0
0	0
0	0
2	0
1	0
2	0
0	0
2	0
1	0
5	0
0	0
2	0
2	0
0	0
2	0
0	0
0	0
19	0
0	0
0	0
1	1
3	0
3	0
3	0
0	0
0	0
0	0
1	0
0	0
12	0
1	0
0	0
1	0
2	0
0	0
23	0
4	0
0	0
0	0
0	0
1	0
0	0
0	0
2	0
0	0
1	0
2	0
3	0
2	0
1	0
0	0
1	0
2	0
1	0
0	0
0	0
1	0
3	0
0	0
0	0
0	0
0	0
1	0
1	0
0	0
0	0
2	0
2	0
0	0
0	0
0	0
0	0
0	0
0	0
0	0
3	0
0	0
1	0
0	0
0	0
0	0
0	0
0	0
0	0
0	0
0	0
0	0
1	0
2	0
0	0
1	0
0	0
2	0
0	0
0	0
1	0
0	0
0	0
0	0
1	0
1	0
1	0
0	0
0	0
0	0
0	0
0	0
0	0
0	0
0	0
2	0
0	0
0	0
0	0
0	0
2	0
0	0
0	0
1	0
0	0
0	0
0	0
0	0
0	0
2	0
1	0
0	0
34	0
0	0
2	0
0	0
1	0
1	0
0	3
0	2
1	0
0	1
0	1
0	0
0	0
0	0
0	0
4	0
2	0
1	0
0	0
4	0
0	0
0	0
2	0
2	0
2	0
2	0
3	0
2	0
0	0
1	0
0	0
1	0
5	0
1	0
2	0
1	0
0	0
0	0
0	0
1	0
0	0
0	0
12	0
3	0
7	0
0	0
0	0
2	0
0	0
1	0
13	0
0	0
1	0
3	0
0	2
0	2
0	0
0	0
0	0
2	0
4	0
22	0
3	0
13	0
2	0
2	0
0	0
4	0
1	0
0	0
1	0
0	0
0	0
1	0
1	0
0	0
0	0
0	0
2	0
2	0
0	0
1	0
1	1
3	0
0	0
1	0
1	0
0	0
0	0
8	0
3	0
0	0
0	2
0	2
0	0
0	0
0	0
0	0
0	0
0	0
0	0
1	0
0	0
1	0
0	0
1	0
0	0
0	0
1	0
0	0
3	0
1	0
0	0
0	0
5	0
2	0
0	0
0	0
0	0
0	0
0	0
0	0
4	0
0	0
0	0
0	0
0	0
4	0
1	0
0	0
0	0
0	0
0	0
0	0
0	0
1	0
3	0
0	0
1	0
0	0
0	0
0	0
0	0
2	0
1	0
0	0
1	0
0	0
0	0
0	0
0	0
0	2
1	2
0	0
0	0
0	0
2	3
0	2
1	0
4	0
2	0
0	0
7	0
1	0
0	0
4	0
0	0
1	0
1	0
0	0
0	0
2	0
0	0
2	0
0	0
3	0
0	0
2	0
0	0
2	0
1	0
1	0
1	0
3	0
0	0
0	0
0	0
0	0
1	0
0	0
0	0
3	0
0	0
0	0
0	0
0	0
0	0
1	0
0	0
0	0
0	0
2	0
0	8
1	17
0	17
0	0
0	0
2	0
0	0
0	0
0	0
2	0
4	0
3	0
3	0
0	0
1	0
5	0
5	0
0	0
0	0
1	0
0	0
0	0
1	0
1	0
0	0
4	0
2	0
0	0
2	0
0	0
0	0
0	0
0	0
2	0
1	0
0	0
0	0
2	0
2	0
0	0
2	0
3	0
1	0
0	0
2	0
1	0
0	0
3	0
1	0
2	0
0	0
2	0
0	0
0	0
0	0
0	0
0	0
1	0
2	0
2	0
1	0
0	0
2	0
0	0
3	0
0	0
0	0
0	0
1	0
0	0
5	0
2	0
0	0
0	1
3	0
1	0
0	0
1	0
0	0
1	0
1	0
0	0
0	0
1	0
1	0
0	0
0	0
1	0
2	0
1	0
1	0
0	0
0	0
1	0
0	0
2	0
0	0
0	0
0	0
0	0
1	0
2	0
0	0
1	0
0	0
6	0
1	0
0	0
1	0
0	0
0	0
1	0
0	0
0	0
3	0
1	0
1	0
4	0
1	0
0	0
0	0
0	0
0	0
0	0
0	0
0	0
1	0
0	0
3	0
0	0
3	0
0	0
0	0
1	0
2	0
0	0
2	0
0	0
0	0
0	0
1	0
1	0
1	0
0	0
0	1
1	0
0	0
0	0
4	0
3	0
0	0
0	0
0	0
0	0
0	0
3	0
0	0
1	0
0	1
3	0
1	0
0	0
0	0
0	0
0	0
0	0
4	0
0	0
1	0
0	0
0	0
1	0
0	0
0	0
1	0
0	0
0	0
22	0
0	0
0	0
0	0
0	0
5	0
0	0
7	0
6	0
0	0
3	0
0	0
0	0
0	0
4	0
1	0
0	0
2	0
0	0
0	0
1	0
18	0
0	0
0	0
5	0
5	0
0	0
7	0
4	0
1	0
0	0
5	0
0	0
0	0
0	0
1	0
4	0
0	0
4	0
0	0
12	0
0	0
0	0
0	0
0	0
1	0
1	0
0	0
4	1
0	0
0	8
3	8
1	0
1	0
0	0
0	0
4	0
6	0
0	0
1	0
1	0
1	0
4	0
0	0
1	0
0	0
0	0
0	0
4	0
3	0
27	0
0	0
3	0
0	0
0	0
5	0
1	1
3	0
0	0
4	0
2	0
0	0
0	0
1	0
0	0
1	0
2	0
5	0
0	0
6	0
0	0
0	23
0	23
0	23
1	0
1	0
4	0
0	0
4	0
1	0
5	0
4	0
0	0
0	0
0	1
0	1
1	0
0	0
0	0
5	0
2	0
0	0
0	0
2	0
5	0
4	0
4	0
2	0
3	0
21	0
2	0
2	0
0	0
2	0
0	0
5	0
0	0
3	0
2	0
3	0
0	0
0	18
0	18
0	0
0	0
1	0
4	0
0	0
0	0
3	0
0	0
0	0
2	0
1	0
3	0
0	1
0	0
15	0
13	0
9	0
0	0
7	0
18	0
0	0
4	0
0	0
0	0
0	0
1	0
2	1
0	0
0	0
2	0
0	0
12	0
1	0
0	0
0	0
2	0
3	0
0	0
2	0
0	0
0	0
0	0
0	0
0	0
1	0
0	0
0	0
1	0
0	0
0	0
3	0
1	0
0	0
0	0
1	0
0	1
0	0
0	0
2	0
1	0
0	0
0	0
0	0
1	0
0	0
2	0
0	0
0	0
2	0
3	0
0	0
0	0
1	0
0	2
0	0
0	2
0	0
1	0
0	0
2	0
0	0
0	0
2	0
0	0
2	0
0	0
1	1
0	1
0	0
0	0
0	0
2	2
3	2
0	0
0	0
3	0
3	0
0	0
1	0
3	0
0	0
0	0
3	0
0	2
1	2
0	0
2	0
0	0
0	0
0	0
0	2
0	2
0	0
0	0
0	0
0	0
0	0
0	0
0	0
3	1
1	2
2	2
0	0
1	0
5	0
0	0
1	0
0	0
3	0
5	0
2	0
1	0
1	0
2	0
0	0
0	0
0	0
0	0
1	0
0	0
0	0
1	0
2	0
0	0
0	0
0	0
0	0
0	0
2	0
2	0
0	0
0	0
6	0
1	0
2	0
2	0
0	0
0	0
1	0
0	0
0	0
0	0
2	0
2	0
0	0
1	0
1	0
1	0
0	0
0	0
0	0
0	0
2	0
1	0
0	0
1	0
1	0
0	0
1	0
0	0
1	0
0	0
2	0
1	0
2	0
0	0
1	0
0	0
0	1
2	0
0	0
2	0
2	0
0	0
0	0
0	0
0	0
0	0
4	0
0	0
0	0
3	0
6	0
7	0
1	0
0	0
0	0
1	0
1	0
0	0
0	1
1	0
3	0
0	0
2	0
0	0
3	0
3	0
0	0
0	0
0	0
0	0
0	0
0	0
0	3
0	4
0	0
0	0
1	0
4	0
0	0
0	0
0	0
2	0
0	0
0	0
0	0
4	0
2	0
0	0
2	0
0	0
0	0
0	0
0	0
0	0
10	0
6	0
0	0
0	0
2	0
1	0
0	0
4	0
0	1
2	1
1	0
7	0
2	0
2	0
0	2
3	2
1	0
0	0
0	0
0	0
1	0
1	0
0	0
0	0
1	0
0	0
0	0
1	0
4	0
0	0
2	0
0	0
0	0
0	0
0	0
1	0
8	0
1	0
0	0
1	0
0	0
1	0
0	0
0	0
0	0
3	2
0	2
0	0
3	0
1	0
0	0
1	0
0	0
3	0
0	0
0	0
0	0
1	0
1	0
2	0
0	2
0	0
3	2
1	0
0	0
0	0
2	1
0	1
0	0
0	0
2	0
0	0
0	0
0	1
0	0
1	1
1	0
1	0
0	0
0	0
2	0
0	0
1	4
0	4
0	0
0	0
1	1
0	0
2	0
3	0
0	0
2	0
0	0
1	0
1	0
0	0
0	0
0	0
0	0
2	0
0	0
1	0
0	0
2	0
0	0
0	0
1	0
2	0
0	0
2	0
4	0
0	0
0	0
1	0
0	0
0	0
3	0
2	0
0	0
0	0
0	0
0	0
2	0
0	0
0	0
0	0
0	0
0	0
1	0
1	0
1	0
0	0
0	0
0	0
0	0
0	0
1	0
13	0
1	0
0	0
0	0
1	0
0	0
2	1
3	0
0	0
0	0
1	0
1	0
0	0
0	0
0	0
0	0
2	0
1	0
0	0
2	0
1	0
0	0
0	0
0	0
1	0
0	0
1	0
2	0
0	0
3	0
1	0
0	0
2	0
2	0
0	0
0	0
0	0
0	0
2	0
0	0
0	0
2	0
2	0
0	0
2	0
0	0
1	0
6	0
0	2
0	2
1	0
0	0
3	0
3	9
1	9
0	0
1	0
0	0
0	0
0	0
1	0
0	1
0	0
8	1
1	0
0	0
1	0
2	0
0	1
0	1
0	0
3	0
3	0
0	1
1	1
0	0
3	5
0	5
0	0
1	0
1	0
2	0
2	0
1	0
2	0
0	0
0	0
0	1
1	1
0	3
1	3
0	1
2	1
0	0
1	0
1	0
0	0
0	0
2	0
1	3
1	3
0	1
0	1
3	0
1	0
2	0
1	0
3	0
1	0
4	0
1	0
2	0
1	0
4	0
0	0
1	0
0	0
1	0
0	3
0	2
5	0
0	0
0	0
0	0
0	0
0	0
0	0
0	0
0	3
1	3
0	0
0	0
1	0
0	8
2	8
1	0
0	0
0	0
0	0
3	0
0	0
0	0
6	0
0	0
0	0
0	0
0	0
1	0
1	0
1	0
0	0
0	0
5	0
0	0
4	0
1	0
0	3
0	2
4	0
0	0
0	0
3	0
1	0
1	0
6	0
0	0
0	0
10	0
1	14
1	14
0	0
3	0
0	0
7	1
1	0
1	0
1	1
1	0
0	0
2	0
1	0
2	0
6	0
0	0
0	0
0	0
0	0
0	0
0	1
1	1
2	0
0	0
0	0
4	0
0	3
0	2
5	1
8	1
1	0
2	0
0	0
1	0
2	0
0	0
4	0
6	0
0	2
2	2
3	0
1	0
0	0
4	0
2	0
0	0
0	0
0	0
0	0
0	0
0	0
1	0
1	0
0	1
0	1
0	0
3	0
0	0
3	0
0	0
0	0
1	0
0	0
2	0
4	0
1	0
0	0
0	0
2	0
0	0
0	0
0	0
2	0
1	0
0	0
2	0
0	0
2	0
0	0
2	0
1	0
0	0
1	0
0	0
0	0
2	0
0	0
0	0
0	0
0	0
0	0
0	0
0	0
0	0
1	0
0	0
3	0
2	0
0	0
0	0
0	0
1	0
1	0
0	0
1	0
0	0
0	0
0	0
4	0
0	0
2	0
0	0
0	0
0	0
0	0
0	0
0	0
2	0
0	0
2	0
1	0
2	0
0	0
1	0
3	0
0	0
0	0
3	0
0	0
0	0
1	0
0	0
0	0
0	0
0	0
0	0
0	1
0	0
0	0
1	0
0	0
2	0
0	0
1	0
0	0
0	0
0	0
2	0
0	0
0	0
0	0
0	0
1	0
0	0
1	0
0	0
0	0
0	0
0	0
0	0
1	0
0	0
0	0
2	0
1	0
0	0
0	0
0	0
0	0
2	0
0	0
0	0
3	0
0	0
2	0
1	0
0	0
1	0
0	0
12	0
2	0
1	0
2	0
0	1
0	1
9	0
6	0
2	0
0	0
0	0
3	0
3	0
0	0
1	1
3	1
1	0
0	0
0	0
4	0
0	0
3	0
0	0
7	0
1	0
4	0
0	0
4	0
1	0
2	0
1	0
8	0
0	5
0	5
2	1
0	0
0	0
0	0
0	0
0	0
1	0
0	0
1	0
0	0
0	0
1	0
2	0
0	0
2	0
3	0
0	18
2	18
2	0
0	0
2	0
1	0
0	3
4	3
0	0
6	0
1	0
1	0
0	0
0	0
0	0
0	0
0	0
1	0
1	0
0	0
2	0
0	0
2	0
0	0
3	1
1	1
2	0
2	0
1	1
3	1
0	0
0	0
0	0
0	0
3	0
1	0
1	0
1	0
1	0
0	0
2	0
2	0
12	5
0	5
3	0
3	0
3	1
0	1
0	2
1	2
1	0
2	0
0	0
2	0
0	0
0	1
0	0
0	0
3	0
0	0
1	0
0	0
0	0
2	0
3	0
0	0
13	3
0	3
1	4
0	4
0	0
1	0
2	0
0	0
2	0
1	0
14	0
2	0
0	0
0	0
3	0
0	0
2	0
0	0
0	0
4	0
0	0
0	0
0	0
1	0
5	0
3	0
2	0
0	0
1	0
11	0
1	0
1	0
0	0
1	0
0	0
0	0
0	0
1	0
12	0
3	0
0	0
0	0
0	0
0	0
3	0
0	0
1	0
0	0
1	0
0	0
0	0
0	0
0	0
1	1
0	1
1	0
1	0
1	0
9	0
1	0
0	0
0	0
0	0
0	0
0	0
3	0
2	0
4	0
0	9
0	11
0	11
0	0
1	0
2	0
3	0
0	0
7	0
3	0
0	0
2	0
2	0
6	0
8	0
0	0
0	0
1	0
0	0
0	0
1	0
0	0
0	0
2	0
0	1
1	0
3	0
2	0
1	0
1	0
2	0
1	0
0	0
2	0
0	0
2	0
1	0
3	0
2	0
0	0
3	1
0	1
0	0
0	0
0	0
0	0
1	0
0	0
2	0
1	0
9	0
0	0
0	0
0	0
10	0
2	0
0	0
0	0
2	0
0	0
2	0
3	0
3	0
3	0
0	0
2	0
1	0
2	0
1	0
7	1
0	1
2	0
0	0
0	0
5	0
1	0
1	0
1	0
4	0
1	0
1	0
0	0
1	0
2	0
1	0
1	0
0	0
0	0
0	0
0	0
1	0
0	0
3	0
1	0
0	0
0	0
1	0
0	0
1	0
2	0
1	0
2	0
0	0
2	0
0	0
0	0
0	0
0	0
2	0
0	0
1	0
3	0
0	0
1	0
1	0
4	0
0	0
0	0
0	0
2	0
0	0
0	0
0	0
0	0
1	0
3	0
0	0
0	0
0	0
0	0
2	0
0	0
1	0
1	0
2	0
1	0
0	0
1	0
0	0
0	0
0	0
9	0
0	0
0	0
0	0
0	0
0	0
0	0
3	0
0	0
2	0
0	0
0	0
0	0
0	0
0	0
3	0
0	0
1	1
1	0
1	0
0	0
0	0
2	0
4	0
0	0
0	0
0	0
0	0
1	0
0	0
2	0
0	0
0	0
0	0
0	0
2	0
0	0
2	0
1	0
1	0
0	0
1	0
3	0
0	0
2	0
3	1
0	0
1	2
0	0
2	2
9	0
5	6
2	6
0	2
1	2
0	0
3	0
2	0
1	2
2	2
0	5
2	5
0	0
3	0
0	0
2	0
1	0
1	0
0	0
0	0
2	0
0	0
0	0
4	8
2	8
0	0
0	0
0	0
0	0
1	0
0	0
1	0
0	0
0	0
0	0
1	0
0	0
0	0
0	0
1	0
1	0
4	0
2	1
5	1
0	0
1	0
1	0
3	0
1	0
1	0
2	0
0	0
7	0
0	0
0	0
0	0
3	0
0	0
1	0
0	0
2	0
0	0
1	0
3	0
0	0
0	0
0	0
1	0
0	0
0	0
1	0
0	0
0	2
6	2
0	0
0	0
1	0
0	0
0	0
0	0
0	0
0	1
9	1
0	0
0	0
0	0
7	0
2	0
2	0
1	0
1	0
1	0
0	0
0	1
0	0
0	0
4	0
1	0
10	1
2	0
0	0
0	0
2	0
0	0
1	0
1	0
0	0
1	0
1	0
2	0
1	0
3	0
2	0
0	0
0	0
0	0
1	0
0	0
0	0
0	0
0	0
0	0
1	0
0	0
0	0
0	0
0	0
0	0
2	0
4	0
4	0
3	0
0	0
3	0
0	0
1	1
6	0
0	1
0	0
1	0
0	0
0	0
6	0
0	0
0	0
0	0
2	0
2	0
0	0
0	0
0	0
1	0
0	0
0	0
0	0
2	0
0	0
3	0
1	0
4	0
3	0
1	0
1	0
0	0
2	0
6	0
0	0
0	0
0	0
3	0
19	0
1	0
8	0
1	0
2	0
8	0
0	0
0	0
0	0
0	0
0	0
0	0
2	0
0	0
4	0
1	0
0	0
0	0
0	0
1	0
3	0
0	0
1	2
0	2
0	0
4	0
0	0
1	0
1	0
1	0
0	0
3	0
4	0
1	0
2	0
3	0
0	0
1	0
3	0
0	0
1	1
0	0
0	0
0	0
1	0
0	0
4	0
0	0
4	0
0	0
2	0
0	0
3	0
4	0
1	0
0	0
2	0
1	0
2	2
1	0
0	0
0	0
0	0
0	0
0	0
0	0
5	0
0	0
8	0
0	0
0	0
0	0
0	0
2	0
0	0
1	0
4	1
1	0
2	0
33	0
3	0
13	0
0	0
0	0
0	0
0	0
1	0
2	0
0	0
1	0
1	0
2	0
2	0
3	0
2	0
0	0
0	0
0	0
0	0
0	0
0	0
2	0
0	0
10	0
1	0
1	0
1	0
1	0
0	0
0	1
1	1
1	0
4	0
0	0
0	0
0	0
0	0
0	0
0	0
0	0
0	0
1	0
0	0
4	0
0	0
1	0
0	0
2	0
4	0
1	0
2	0
2	0
2	0
0	0
0	0
2	0
1	1
7	1
0	0
2	0
0	0
3	0
0	0
1	0
0	0
1	0
1	0
0	0
1	0
0	0
1	0
0	0
3	0
0	0
11	0
1	0
0	0
0	0
0	0
15	0
0	0
0	0
0	0
0	0
0	0
0	0
0	0
3	0
0	0
0	0
2	1
5	2
1	3
1	3
2	0
1	0
3	0
1	0
3	0
1	0
0	1
2	1
1	0
0	0
0	0
3	0
2	0
12	0
0	0
0	0
0	0
0	0
2	0
1	0
2	0
0	0
0	0
2	0
6	0
0	1
0	1
2	0
0	0
2	0
0	0
1	0
2	0
0	0
0	0
11	0
0	0
0	1
1	1
0	0
1	0
0	0
3	0
14	0
1	0
0	0
2	0
1	0
6	0
0	0
0	0
2	0
0	0
0	0
18	2
3	2
1	0
1	13
0	9
0	13
0	0
0	0
1	0
0	0
3	0
1	0
1	0
0	0
0	0
1	0
0	0
1	0
0	0
0	0
1	3
0	3
0	0
0	0
0	0
0	0
0	0
0	0
0	0
2	0
0	0
0	0
0	0
0	0
0	0
1	0
0	0
0	0
0	0
0	0
3	0
0	0
0	0
1	0
3	0
2	0
6	0
3	0
6	0
0	0
0	0
1	0
2	0
0	0
1	0
3	0
1	0
7	0
0	0
0	0
0	0
0	0
1	0
0	0
1	0
0	3
2	3
0	0
9	0
12	0
0	0
0	0
0	0
0	0
0	0
0	0
0	0
0	0
1	0
0	0
2	0
1	0
2	0
8	0
0	0
1	0
3	0
0	0
0	0
2	0
2	0
0	2
12	2
0	3
0	3
0	0
3	1
3	1
2	2
8	2
8	0
0	0
1	0
5	0
0	0
0	0
0	0
1	0
0	0
1	0
1	0
0	3
0	3
1	0
3	0
0	0
3	0
0	0
0	0
0	0
0	0
2	0
0	0
1	0
3	0
0	1
0	1
2	0
0	0
0	0
2	0
0	0
2	0
0	0
0	0
1	0
0	0
0	0
2	0
1	0
0	0
0	0
1	0
1	0
0	0
0	0
0	0
0	0
0	0
0	0
0	0
0	0
1	0
0	0
0	0
0	0
0	0
0	0
0	0
0	0
3	0
0	0
0	0
0	0
0	0
0	0
0	0
3	0
2	0
3	0
3	0
0	0
0	0
0	0
2	0
0	0
1	0
0	0
0	0
1	0
0	0
0	0
0	0
1	0
0	0
1	0
0	0
0	0
1	0
0	0
0	0
0	0
0	0
0	0
0	0
0	0
1	0
0	0
0	0
0	0
2	0
2	0
0	0
2	0
2	0
0	0
0	0
0	0
1	0
2	0
0	0
2	0
0	0
0	3
0	1
4	1
3	0
0	0
1	0
0	0
0	0
3	0
0	0
0	0
2	1
11	1
2	1
2	1
3	0
1	0
0	0
0	0
4	0
1	0
2	0
0	0
1	0
0	0
0	0
0	0
0	0
2	0
5	0
8	0
3	0
6	4
3	2
3	6
0	1
0	1
1	1
0	1
1	0
0	0
1	0
0	0
2	0
1	0
2	0
3	0
2	3
0	3
0	0
0	0
4	0
1	0
8	0
0	0
0	5
0	21
1	20
0	3
0	2
1	20
0	1
0	0
0	0
0	0
9	0
0	0
0	0
0	0
2	0
7	0
0	0
2	0
0	0
0	0
3	0
3	0
0	0
2	0
0	0
1	0
0	0
0	0
8	2
2	2
0	0
6	0
0	0
0	0
1	0
3	0
3	0
1	0
0	11
0	11
1	0
0	0
0	0
2	0
1	0
0	0
1	0
0	0
6	0
2	0
2	0
3	0
7	0
0	10
5	10
6	0
1	0
3	0
0	0
2	0
0	0
0	0
0	0
0	0
0	18
0	18
0	0
2	0
0	0
3	0
0	0
0	0
0	0
2	0
3	0
3	0
1	0
5	0
4	0
0	0
3	0
0	0
3	0
2	0
0	0
0	0
0	0
4	2
3	2
0	1
0	1
4	0
0	0
0	0
0	1
7	1
6	0
0	0
0	0
2	0
1	10
0	10
0	7
0	7
0	0
1	0
1	0
0	0
2	0
4	0
0	0
0	0
0	0
0	0
1	0
1	0
3	0
1	0
1	0
1	0
2	0
0	0
2	0
0	0
2	0
2	0
0	0
0	0
2	0
0	0
1	0
3	0
0	0
0	0
3	0
0	0
1	0
2	0
3	0
0	0
1	1
2	2
1	3
0	0
3	0
0	0
0	0
0	0
0	0
0	0
0	0
2	0
1	0
3	0
1	0
0	0
1	0
0	0
3	1
2	0
1	0
1	0
3	0
1	0
0	0
1	0
0	0
0	0
0	0
0	0
0	0
1	0
0	0
0	0
0	0
0	0
0	0
0	0
0	0
1	0
2	0
0	0
2	0
0	0
0	0
0	0
0	0
0	0
0	0
2	0
0	0
1	0
0	0
0	0
3	0
2	0
0	0
0	0
1	0
2	0
5	0
0	0
0	0
1	0
1	0
0	0
2	0
9	0
3	0
5	0
0	0
0	0
3	0
2	0
0	0
1	0
8	0
5	0
0	0
4	0
0	0
0	0
0	0
13	0
0	0
1	1
2	0
1	0
0	0
0	0
2	0
0	0
3	0
2	0
0	0
0	0
1	0
0	0
3	0
6	0
0	0
2	0
0	0
1	0
0	0
8	0
2	0
0	0
0	0
3	0
2	0
6	0
0	0
5	0
1	0
0	0
0	0
9	0
0	0
1	0
3	0
8	0
0	0
9	0
0	0
2	0
0	0
0	0
0	0
6	0
1	0
9	0
0	0
1	0
5	0
0	0
3	0
0	0
0	0
0	0
0	0
0	0
0	0
0	0
8	0
1	0
0	0
4	0
0	0
0	0
0	0
1	0
1	0
0	0
0	0
0	0
2	0
0	0
0	0
0	0
3	0
1	0
1	0
0	0
0	0
0	0
1	0
3	0
2	0
0	0
0	0
0	0
0	0
1	0
0	0
0	0
1	0
0	0
0	0
1	1
0	1
0	0
0	0
2	0
0	0
0	0
1	0
0	0
3	0
0	0
0	0
3	0
0	0
0	0
0	0
0	0
1	0
0	0
0	0
0	0
0	0
1	0
0	0
1	0
1	0
0	0
0	0
0	0
0	0
0	0
0	0
0	0
0	0
1	0
0	0
2	0
0	0
0	0
0	0
0	0
2	0
0	0
1	0
0	0
0	0
1	0
1	0
0	0
0	0
0	0
2	0
4	2
0	2
0	0
1	0
3	0
3	0
2	0
0	0
0	0
0	1
0	1
2	0
1	0
0	0
3	0
0	0
0	0
0	0
1	0
0	0
1	1
0	0
0	0
0	0
1	0
0	0
2	0
0	0
2	0
0	0
1	0
0	0
0	0
1	0
0	0
0	0
1	0
2	0
0	0
0	0
0	0
0	0
0	0
1	0
0	0
0	1
0	0
3	0
2	0
0	0
0	0
0	0
0	0
2	0
1	0
2	0
0	0
1	0
2	0
0	0
4	0
2	0
0	0
0	0
0	0
2	0
0	0
2	0
0	0
1	0
0	0
1	0
1	0
1	0
0	0
1	0
0	0
0	0
1	0
0	0
0	0
2	0
0	0
0	0
0	0
0	0
1	0
4	0
0	0
1	0
2	0
2	0
0	0
0	0
2	0
0	0
1	0
3	0
3	0
1	0
0	0
0	0
1	0
1	0
1	0
0	0
1	0
3	0
0	0
0	0
1	0
1	0
2	0
2	0
0	0
0	0
2	0
1	0
0	0
0	0
0	0
0	0
0	0
0	0
0	0
2	0
0	0
0	0
0	0
0	0
0	0
0	0
0	0
0	0
0	0
0	0
1	0
0	0
0	0
2	0
1	0
1	0
2	0
0	0
3	0
1	0
0	0
1	0
0	0
0	0
0	0
1	0
0	0
0	0
0	0
0	1
0	0
0	0
0	0
0	0
0	0
0	0
1	0
0	0
0	0
0	0
0	0
0	0
1	0
1	0
0	0
1	0
1	0
0	0
0	0
1	0
0	0
0	0
0	0
4	0
3	0
0	1
0	1
2	0
0	0
1	0
4	0
13	0
2	0
2	0
0	0
1	0
2	0
0	0
0	0
0	0
0	0
0	0
0	0
0	0
0	0
1	0
2	0
0	0
1	0
0	0
2	0
2	0
0	0
2	0
0	0
2	0
0	0
0	0
2	0
0	0
0	2
0	2
0	0
1	0
1	0
0	0
1	0
0	0
0	0
5	0
0	1
0	0
0	0
0	0
0	0
0	0
2	0
0	0
0	0
3	0
0	0
0	0
4	0
0	0
1	0
2	0
5	0
0	0
0	0
4	0
0	0
0	0
0	0
4	0
0	0
0	0
3	0
0	0
1	0
4	0
0	0
0	0
0	0
0	0
3	0
1	0
0	0
0	0
3	0
2	0
1	0
3	0
0	0
1	0
1	0
1	0
2	0
0	0
4	0
5	0
0	0
0	0
0	0
1	0
3	0
2	0
3	0
2	0
11	0
1	0
5	0
0	0
2	0
1	0
0	0
2	0
2	0
1	0
4	0
1	0
1	0
1	0
0	0
2	0
0	0
7	0
0	0
0	0
0	0
1	0
0	0
2	0
5	0
0	0
18	0
2	0
0	0
5	0
4	0
0	0
1	0
1	0
0	0
0	0
1	0
2	0
0	0
3	0
2	0
0	0
2	0
0	0
0	0
0	0
1	0
1	0
1	0
0	0
0	0
0	0
0	0
7	0
0	0
7	0
2	0
0	0
3	0
5	0
0	0
0	0
0	0
1	0
1	0
0	0
1	0
1	0
0	0
1	0
0	0
5	0
0	0
0	0
3	0
1	0
0	0
0	0
0	0
0	0
2	0
0	0
0	0
3	0
3	0
1	0
0	0
0	0
0	0
0	0
2	0
3	0
3	1
0	0
0	0
0	0
1	0
0	0
0	0
7	0
0	0
0	0
2	0
2	1
0	0
2	0
0	0
0	0
0	0
2	0
1	0
0	0
0	0
1	0
1	0
0	0
1	0
0	0
0	0
2	0
3	0
0	0
1	0
2	0
0	0
0	0
1	0
0	0
1	0
0	0
1	0
0	0
1	0
0	0
0	0
3	0
0	0
1	0
0	0
2	0
1	0
0	0
0	0
1	0
12	0
1	0
1	0
3	0
0	0
0	0
0	0
1	0
0	0
0	0
1	0
0	0
0	0
3	0
2	0
2	0
1	0
1	0
0	0
0	0
3	0
0	0
2	0
1	0
0	1
0	0
0	0
1	0
0	0
1	0
0	0
0	0
0	0
0	0
1	0
0	0
3	0
0	0
1	0
0	0
3	0
1	0
2	0
0	0
0	0
0	0
0	0
0	0
2	0
1	0
1	0
0	0
0	0
0	0
0	0
0	0
0	0
0	0
0	0
1	0
0	0
0	0
0	0
0	0
3	0
0	0
0	0
1	0
1	0
4	0
1	0
2	0
3	0
2	0
0	0
1	0
2	0
1	0
2	0
0	0
1	0
0	0
0	0
4	0
0	0
2	0
0	0
1	0
3	0
0	0
3	0
0	0
0	0
4	0
1	0
6	0
1	0
1	0
0	0
0	0
1	0
2	0
2	0
11	8
0	8
0	0
0	2
0	2
1	0
0	0
0	0
0	0
1	0
0	0
0	0
0	0
0	0
0	0
1	0
3	0
0	0
0	0
0	0
0	0
1	0
1	0
2	0
0	0
2	0
0	0
0	0
2	0
0	0
3	0
1	0
0	0
6	0
0	0
0	0
3	0
4	0
0	0
1	0
0	0
1	0
0	0
1	0
2	0
8	0
2	0
5	1
1	0
2	0
2	0
1	0
0	0
0	0
0	0
0	0
7	0
7	0
0	0
7	0
0	0
1	0
3	0
0	0
0	0
1	0
2	1
0	1
0	0
0	0
4	0
5	0
0	6
3	6
4	0
4	0
2	0
3	9
0	9
5	0
0	0
0	0
0	0
0	0
3	0
0	0
2	0
3	0
1	2
4	2
1	1
0	1
4	1
0	0
2	1
0	0
0	0
1	1
10	0
3	1
10	0
10	0
93	0
0	0
3	0
3	0
0	0
0	0
1	1
5	0
1	0
0	0
0	0
29	0
1	0
1	0
0	0
2	0
0	0
0	0
3	0
2	0
0	0
0	0
2	0
0	0
0	0
0	0
0	0
2	0
1	0
8	0
0	0
1	0
1	0
0	0
0	0
0	0
0	0
1	0
0	1
0	1
0	0
3	0
1	0
1	0
2	0
0	0
0	0
1	0
0	0
2	0
0	0
0	0
0	0
1	0
0	0
5	0
0	0
2	0
1	0
1	0
0	0
3	0
0	0
2	0
28	0
1	0
2	0
0	0
2	0
2	0
0	0
16	0
7	1
0	0
4	0
0	0
3	0
0	0
1	0
0	0
2	0
2	0
1	0
0	0
0	0
2	0
0	0
1	0
0	0
0	1
2	1
14	0
1	0
0	0
7	0
0	0
2	0
0	1
0	1
1	0
0	0
1	0
2	0
2	0
1	1
4	0
1	0
1	0
0	0
2	0
2	0
1	0
0	0
1	0
0	0
1	0
0	0
0	0
1	0
1	0
0	0
2	0
0	0
17	0
0	0
0	0
1	0
0	0
2	0
2	0
1	0
0	0
9	0
0	3
0	3
0	0
0	0
1	0
5	0
0	0
0	0
0	2
0	2
0	0
3	0
0	0
4	0
4	0
2	0
4	0
0	0
0	0
0	0
3	0
2	0
0	0
1	0
6	0
0	0
0	0
0	0
1	0
1	0
0	0
0	0
0	6
2	6
0	0
1	0
2	0
1	1
0	1
0	0
0	0
2	0
3	0
6	0
0	0
0	2
2	2
0	0
2	0
3	0
3	0
8	0
0	1
2	1
0	0
0	0
0	0
1	0
7	0
4	0
0	0
0	0
1	3
3	0
0	3
0	0
0	0
0	0
1	0
1	0
1	0
1	0
4	8
0	8
5	1
0	1
1	0
4	0
3	0
0	0
4	0
0	0
2	0
4	3
0	3
1	0
0	0
0	0
1	0
0	0
0	0
3	0
0	0
2	0
2	0
1	0
0	0
1	0
0	0
0	0
0	1
1	1
0	0
0	0
1	0
0	0
2	0
1	0
12	0
0	0
1	0
0	0
0	0
0	0
3	14
0	14
0	0
3	0
0	0
1	0
1	2
0	2
0	0
0	0
3	0
0	0
0	1
0	1
0	0
0	0
0	0
1	0
0	0
0	0
0	0
1	0
0	0
0	0
16	0
0	0
0	2
0	2
2	0
0	0
0	0
0	0
1	0
3	0
2	0
0	0
1	1
0	1
0	0
0	1
0	0
0	1
0	1
0	0
0	0
0	0
1	0
1	1
8	1
1	0
3	0
1	0
0	0
3	0
0	0
0	0
0	0
0	0
2	1
7	1
0	0
0	0
0	0
0	0
1	0
2	0
2	0
0	0
2	0
2	1
0	1
1	0
0	0
1	0
0	0
1	0
1	0
3	0
1	0
2	0
0	0
2	0
3	1
0	1
19	0
1	0
2	0
4	1
0	1
0	0
0	0
2	8
5	8
2	0
0	1
1	1
2	0
1	0
0	0
4	0
2	0
0	0
0	2
0	2
0	0
7	0
2	0
0	2
0	2
0	0
0	0
0	1
8	1
1	0
0	0
2	0
1	0
0	0
0	0
1	0
0	0
0	0
0	0
0	0
2	0
0	0
1	0
0	0
1	0
1	0
0	0
0	0
4	0
7	0
3	0
0	0
0	0
1	0
0	0
5	17
0	17
0	0
0	0
4	0
12	0
0	0
2	0
0	0
0	0
0	0
3	0
1	0
0	0
0	0
0	0
0	0
0	0
3	0
2	0
0	0
3	0
2	0
1	0
0	0
0	0
0	2
2	2
0	0
2	0
10	0
0	0
1	0
0	0
2	0
0	0
0	0
1	0
0	0
0	0
1	0
1	0
6	0
1	0
0	0
3	0
0	0
0	0
0	0
1	0
7	0
1	0
0	0
0	0
0	0
1	0
0	0
6	0
1	0
6	0
6	0
1	0
0	0
1	0
0	0
1	0
0	0
4	0
0	3
0	13
0	13
4	0
3	0
2	0
0	0
1	0
0	0
0	0
0	0
7	0
2	0
0	0
1	0
1	0
0	0
1	0
1	0
3	0
0	0
1	0
1	0
0	0
0	0
0	0
0	0
2	0
0	0
0	0
0	0
0	0
0	0
1	0
0	0
1	0
1	0
0	0
0	0
0	0
0	0
0	0
1	0
3	0
3	0
1	0
2	0
4	0
2	0
0	0
0	0
0	0
3	0
0	0
0	0
0	0
3	0
2	0
1	0
0	0
0	0
1	0
0	0
1	0
0	0
0	0
0	0
0	0
0	0
0	0
0	0
1	0
1	0
0	0
0	0
1	0
0	0
2	0
2	0
0	0
0	0
1	0
2	0
3	0
1	0
0	0
0	0
0	0
1	0
0	0
0	0
1	0
0	0
0	0
1	0
0	0
0	0
0	0
0	0
0	1
1	1
1	0
0	0
1	0
1	0
0	0
0	0
0	0
0	0
0	0
1	0
0	0
0	0
1	0
0	0
0	0
0	0
0	0
0	0
1	0
0	0
0	0
2	0
3	0
0	0
1	0
2	0
2	0
0	0
0	0
1	0
1	0
3	1
0	0
0	0
1	2
1	2
1	0
0	0
0	0
3	1
1	0
3	0
0	0
0	0
2	0
3	0
0	0
0	0
0	0
0	0
1	1
0	1
2	0
1	0
3	0
1	0
2	0
0	0
3	0
0	0
0	0
1	0
0	0
2	2
1	0
3	2
2	0
0	0
0	0
0	0
2	0
1	0
0	0
0	0
2	0
2	0
0	0
0	0
2	0
0	0
0	0
1	0
2	0
0	0
0	0
2	0
0	0
2	0
2	12
2	12
2	0
1	0
0	0
0	0
1	0
1	0
3	0
1	0
0	0
0	1
0	0
1	0
0	0
3	0
0	0
7	0
0	0
0	2
0	2
0	0
0	0
2	0
0	1
1	1
0	0
4	0
3	0
1	0
0	1
2	1
4	0
0	0
0	0
1	0
1	0
2	0
0	0
2	0
1	1
0	0
7	0
1	0
1	0
1	0
0	0
31	0
10	1
8	0
0	0
0	0
0	0
0	0
12	14
0	14
8	0
0	0
0	0
1	0
7	0
4	0
2	0
0	0
5	0
1	0
3	0
0	0
0	0
4	0
3	0
0	0
0	0
0	0
1	0
0	0
2	0
2	0
12	0
0	0
8	0
0	0
0	0
2	0
0	0
0	0
0	0
2	0
2	0
0	0
5	0
5	1
2	0
1	0
2	0
3	0
1	0
0	0
0	0
2	0
0	0
0	0
0	0
1	0
0	0
3	0
0	0
1	0
0	0
0	0
4	0
2	0
0	0
0	0
0	0
0	0
1	0
15	0
1	0
0	0
0	0
0	0
1	0
0	0
0	0
0	0
0	0
0	0
1	0
0	0
1	0
1	0
7	0
2	0
0	0
0	0
78	0
0	11
0	11
1	11
2	5
0	8
7	3
4	3
3	3
22	0
1	0
6	0
3	0
1	3
1	3
0	1
0	0
0	0
0	0
1	0
4	0
0	6
4	6
9	18
0	18
0	10
0	16
0	16
3	16
0	19
1	0
0	0
2	0
0	67
1	0
1	6
0	67
2	22
0	10
4	10
0	9
0	7
4	7
4	7
0	0
0	123
0	112
0	53
14	117
1	9
0	7
1	9
0	4
0	0
17	0
0	0
8	0
0	9
2	9
0	0
1	18
0	8
0	13
0	19
0	26
0	22
9	0
0	0
0	10
1	10
0	0
0	0
1	33
0	6
4	34
0	37
0	0
0	0
0	11
0	11
2	0
15	0
0	27
3	27
15	20
0	20
0	0
1	7
0	9
2	9
0	3
1	12
1	1
0	3
0	4
1	0
7	0
0	4
3	3
0	5
0	1
0	0
0	32
0	180
0	252
2	203
0	246
2	0
3	0
3	0
0	1
0	1
13	0
0	11
2	11
4	9
1	9
16	0
0	0
1	0
53	0
0	0
7	10
0	10
0	11
0	13
0	11
4	1
1	14
0	13
3	3
3	1
6	40
5	40
3	29
0	31
0	15
1	0
0	29
4	0
0	25
2	24
0	35
0	31
8	0
7	3
0	3
5	0
1	0
0	6
0	6
0	1
6	1
21	34
5	34
0	2
0	2
5	14
0	14
4	0
1	0
1	46
0	57
0	14
0	0
0	0
0	0
2	25
4	17
5	25
0	0
0	0
0	6
0	6
3	1
1	20
1	18
2	17
0	18
0	8
0	8
0	9
6	0
1	0
4	0
33	86
20	86
6	9
4	7
0	15
0	2
7	0
0	2
0	0
2	0
1	0
6	0
0	25
2	157
0	17
1	254
0	0
2	290
5	208
0	246
46	0
1	1
0	1
12	0
5	0
2	0
0	13
19	13
0	11
0	11
0	7
0	7
2	5
0	5
9	0
3	1
0	1
0	0
2	0
1	0
0	4
0	11
0	11
0	9
0	5
7	0
0	4
0	4
0	3
0	10
3	7
0	10
3	0
0	0
5	0
0	0
6	0
0	2
52	2
1	29
19	29
6	0
7	0
0	0
2	0
0	4
2	4
0	4
4	4
2	1
0	0
1	0
0	4
0	8
0	4
1	4
8	5
0	6
1	3
1	2
2	0
2	0
2	0
4	0
1	0
0	0
1	0
0	3
0	3
0	10
1	6
0	11
15	0
3	0
0	0
3	5
3	0
1	5
1	0
3	9
0	9
0	74
0	79
0	67
1	9
0	1
0	4
3	9
0	11
0	10
0	2
0	2
2	0
0	2
0	2
0	0
3	0
2	19
2	16
1	14
4	14
0	0
5	6
0	6
3	0
11	0
0	7
0	7
0	38
0	38
0	32
2	20
1	0
15	0
0	0
2	0
0	5
2	7
0	5
0	14
2	14
0	17
3	17
16	0
3	0
5	9
0	84
4	86
4	54
5	52
0	48
5	86
0	50
0	76
3	10
1	5
0	6
0	0
0	8
5	72
6	0
1	79
0	6
1	1
3	65
24	0
0	0
57	1
5	12
0	12
0	0
2	2
0	0
0	3
9	0
1	1
0	71
1	6
7	94
2	23
0	7
6	7
8	0
0	0
0	3
13	3
11	0
1	20
0	20
10	22
0	22
1	0
0	0
0	0
0	0
4	0
1	0
3	0
0	0
3	0
3	0
1	1
1	1
1	0
0	0
0	20
2	20
0	0
5	0
5	0
1	0
0	0
2	0
3	0
4	0
0	0
0	0
2	0
2	0
7	0
2	11
0	11
71	0
0	0
0	1
0	1
1	0
0	0
0	0
1	0
0	0
0	0
0	0
0	0
1	0
4	0
0	0
0	0
3	0
1	0
1	0
0	0
3	0
5	0
0	0
0	0
2	0
1	0
8	0
1	0
0	0
3	0
0	0
1	0
0	0
0	0
0	0
2	0
3	0
2	0
4	1
2	0
0	1
1	0
2	0
1	7
0	7
1	0
1	0
5	0
1	0
2	0
1	0
0	0
5	1
0	0
0	0
0	1
1	1
0	0
0	6
0	6
0	0
0	1
1	1
0	0
0	0
3	0
1	0
1	0
1	0
4	0
1	0
2	0
1	0
2	0
0	0
2	0
1	0
0	0
0	0
0	0
2	0
2	0
0	0
0	0
0	0
0	0
0	0
0	0
1	0
0	0
0	0
0	0
0	0
0	0
0	0
2	0
0	0
0	0
0	0
1	0
0	0
0	0
0	0
2	0
0	0
0	0
2	0
0	0
0	0
0	0
0	0
0	0
1	0
0	0
2	0
0	0
0	0
2	0
0	0
0	0
0	0
0	0
0	0
1	0
1	0
1	0
0	0
2	0
1	0
0	0
0	0
0	0
0	0
5	0
0	0
1	0
0	0
3	0
0	0
0	0
0	0
0	0
4	0
0	0
0	0
2	0
0	1
0	0
0	0
0	0
0	0
0	0
0	0
0	0
0	0
0	0
0	0
5	0
0	0
3	0
2	0
0	0
1	0
0	0
4	0
0	0
0	0
0	0
8	0
10	0
1	0
5	0
0	0
2	0
0	0
11	0
1	0
2	0
0	0
2	0
1	0
0	0
1	0
0	0
4	0
0	0
4	0
4	0
16	0
1	0
0	0
0	0
0	0
0	0
0	0
3	0
0	0
2	0
0	0
1	0
4	0
0	0
4	0
0	0
0	0
0	0
2	0
0	0
2	1
0	0
0	0
0	0
0	0
1	0
2	0
1	0
0	0
0	0
0	0
2	0
1	0
1	0
3	0
9	0
0	0
11	0
0	0
20	0
0	0
0	0
0	0
0	0
1	0
15	0
0	0
5	0
1	0
1	0
3	0
2	0
1	0
0	0
2	0
0	0
1	0
0	0
2	0
0	0
2	0
0	0
0	0
0	0
8	0
11	0
4	1
9	0
0	0
5	0
0	0
8	0
1	0
0	0
0	0
0	0
1	0
0	17
3	17
3	0
0	0
1	0
23	0
2	0
0	0
5	0
1	0
0	0
3	0
0	0
1	0
0	0
0	0
0	0
0	0
2	0
8	0
0	0
0	0
6	0
1	0
0	0
1	0
3	0
0	0
0	0
0	0
1	0
0	0
0	0
0	0
2	0
1	0
0	0
38	0
3	0
0	0
1	0
1	0
0	0
1	0
0	0
0	0
1	0
3	0
3	0
0	0
3	0
1	0
0	0
0	8
0	8
0	0
0	0
3	0
0	0
0	0
5	0
0	0
0	0
0	0
3	0
1	0
0	0
0	0
0	0
0	0
0	0
1	0
1	0
12	0
2	0
3	0
0	0
1	0
3	0
0	0
2	0
0	0
0	0
0	0
3	0
0	0
0	0
0	0
0	0
1	0
2	2
0	2
9	0
0	0
1	0
0	0
3	0
0	0
0	0
0	0
1	0
0	0
0	0
2	0
2	1
2	1
0	0
0	0
0	0
0	0
0	0
3	0
4	0
0	0
1	0
0	0
0	0
3	0
2	0
0	0
0	0
0	0
5	0
6	15
0	15
1	0
1	0
5	0
1	0
2	0
3	0
0	2
1	3
2	1
0	0
9	0
0	0
0	0
0	0
1	2
0	0
3	0
1	0
0	0
0	0
0	1
3	0
3	0
0	0
0	0
2	0
1	0
0	0
1	0
4	0
0	0
0	0
1	0
0	0
0	0
2	0
0	0
0	0
0	0
2	0
0	2
0	2
1	0
4	0
0	0
0	0
7	0
0	0
3	0
0	0
1	0
2	0
0	0
0	0
0	0
4	0
0	0
0	1
0	0
1	0
0	0
0	1
2	1
0	0
3	0
3	0
2	0
0	0
0	0
1	0
0	0
5	0
3	0
0	6
3	6
0	0
0	0
0	0
0	0
0	0
0	0
0	0
1	0
1	5
0	1
0	9
0	7
0	0
0	0
0	0
6	0
0	1
0	7
1	7
1	0
2	0
3	2
5	2
0	4
0	4
2	0
2	0
0	0
3	0
0	1
5	1
0	0
0	0
0	0
0	0
0	3
3	3
0	8
0	12
2	0
0	12
3	0
3	1
1	1
0	1
2	1
1	6
0	4
0	0
4	10
5	3
8	3
0	3
2	3
1	0
21	0
7	2
0	2
4	6
2	6
0	0
1	0
0	6
0	0
0	0
3	4
0	4
0	0
0	0
1	0
0	0
0	3
1	3
1	0
1	2
3	2
2	0
1	4
2	0
1	4
0	1
0	1
25	0
1	0
0	0
0	3
0	3
17	0
6	6
1	6
3	0
3	0
0	1
0	1
0	0
0	1
2	0
0	0
1	0
1	0
0	0
9	0
0	0
2	0
0	0
0	0
0	0
0	4
0	4
5	0
1	4
3	4
0	11
0	11
0	0
1	0
0	0
1	0
4	0
0	0
1	0
0	0
0	0
0	0
1	0
1	0
2	0
1	0
0	3
5	3
2	14
0	41
1	4
1	18
7	82
2	96
2	14
6	101
5	71
1	5
5	97
11	6
5	0
7	2
2	2
2	4
1	4
1	7
1	3
0	4
2	0
1	0
2	0
4	2
3	2
0	3
0	0
0	4
1	4
18	9
0	9
2	0
0	0
0	4
0	0
0	5
0	5
0	0
0	0
0	1
1	1
6	3
0	3
0	3
0	5
4	5
1	5
1	0
0	0
0	0
0	4
2	4
9	0
8	0
4	0
0	0
1	0
1	0
2	0
0	0
3	0
3	0
0	14
0	14
0	0
0	1
1	2
0	1
0	1
0	0
4	0
5	0
6	0
2	0
4	0
1	3
1	3
0	2
0	2
1	0
6	0
0	0
0	0
2	0
0	7
8	7
0	0
0	0
4	0
13	0
0	0
1	0
1	0
0	0
0	0
3	0
9	0
3	4
0	4
0	0
10	21
2	21
3	0
0	6
6	6
3	0
16	0
1	0
12	0
15	0
0	3
0	3
0	0
0	11
16	11
1	0
1	0
0	0
2	0
0	0
1	0
0	0
0	0
0	0
0	0
0	0
0	0
0	0
0	0
0	0
0	0
0	0
1	0
0	0
1	1
0	0
1	0
0	0
0	0
0	0
0	0
1	0
0	0
4	0
0	0
2	0
0	0
2	0
8	0
4	0
0	0
3	0
0	0
0	0
1	0
0	0
5	0
1	0
0	0
0	0
3	0
1	0
5	0
0	0
1	0
0	0
1	0
2	0
2	0
2	0
0	0
2	0
1	0
0	0
0	0
0	0
0	0
2	0
0	0
0	0
0	0
2	0
0	0
0	0
1	0
0	0
28	0
0	0
1	0
9	0
1	0
0	1
0	0
1	0
2	0
0	0
0	0
0	0
0	0
4	0
0	0
0	0
1	0
0	0
0	1
0	1
2	0
3	0
0	0
0	1
0	1
0	0
1	0
0	1
1	1
2	0
2	0
0	0
0	15
11	15
3	0
0	0
0	0
0	0
0	1
0	1
0	1
0	0
0	0
0	0
3	0
2	0
7	0
0	0
0	0
0	0
4	0
2	0
1	0
2	0
0	2
2	2
1	4
0	1
0	3
0	0
1	0
0	0
1	1
1	1
1	0
0	0
2	0
0	0
0	0
1	0
0	0
2	0
1	0
2	0
1	0
2	0
3	0
0	0
2	0
1	1
1	1
1	0
0	0
1	0
9	10
2	10
1	0
1	0
3	1
18	1
0	0
0	0
0	1
0	8
3	9
5	1
1	1
4	0
2	0
2	0
0	1
0	1
8	0
0	1
0	0
0	0
3	0
0	0
9	0
0	0
3	0
0	0
0	8
0	8
0	0
2	0
0	0
0	0
1	0
4	0
2	0
1	0
2	0
0	0
1	0
0	0
0	2
1	2
4	0
4	0
0	0
1	0
0	0
0	1
0	1
0	0
0	0
0	0
1	2
6	2
0	0
2	0
4	0
0	0
0	0
0	0
0	0
2	1
2	0
0	1
0	0
4	0
2	0
0	0
0	0
2	0
3	0
0	0
0	0
2	0
3	0
10	0
2	0
0	1
4	1
2	25
0	25
1	0
2	0
0	0
0	0
0	0
3	0
0	0
1	0
0	0
0	0
0	0
0	0
1	0
2	0
0	0
1	0
0	0
0	0
0	0
1	0
0	0
3	0
0	0
1	0
1	0
0	0
0	0
3	0
0	0
0	0
1	0
2	0
0	0
2	0
1	0
0	0
1	0
2	0
0	0
0	0
0	0
0	0
0	0
0	0
0	0
2	0
0	0
1	0
0	0
2	0
2	0
0	0
0	0
1	0
0	0
0	0
1	0
1	0
0	0
0	0
0	0
1	0
0	0
0	0
0	0
0	0
1	0
0	0
0	0
0	0
2	0
0	0
0	0
2	0
0	0
0	0
1	0
0	0
2	0
2	0
2	0
1	0
4	0
0	0
0	0
0	0
1	0
0	0
0	0
2	0
0	0
2	0
0	0
0	0
1	0
0	0
2	0
0	0
1	0
1	0
2	0
3	0
0	0
2	0
0	1
1	0
0	0
1	1
0	1
0	0
1	0
0	0
0	0
0	0
0	0
0	0
0	0
0	0
1	0
0	0
0	0
0	0
0	0
0	0
0	0
0	0
0	0
0	0
0	0
0	0
0	0
3	0
0	0
0	0
0	0
4	0
5	0
0	0
0	0
1	0
0	0
0	0
0	0
1	0
0	0
5	0
0	0
0	0
0	0
0	0
0	0
0	0
0	0
0	0
0	0
0	0
0	0
1	0
0	0
0	0
2	0
0	0
0	0
0	0
0	0
0	0
0	0
2	0
0	0
1	0
0	0
2	0
3	0
0	0
2	0
4	0
9	0
1	0
1	0
0	0
1	0
7	2
0	2
1	0
3	0
1	0
1	0
0	0
0	0
5	0
4	0
2	0
0	0
0	0
2	2
5	2
1	0
3	0
0	3
1	3
3	0
3	0
0	10
1	10
0	0
14	0
1	0
4	0
7	0
1	2
0	2
0	0
0	0
1	0
0	0
2	0
0	1
0	0
0	0
1	0
12	0
1	0
0	0
1	0
0	0
1	0
0	0
2	0
0	0
2	5
0	2
3	3
0	0
0	0
0	0
0	0
3	0
0	0
0	0
3	0
0	0
0	0
1	0
4	13
0	13
0	0
1	0
2	0
1	0
2	0
1	0
0	0
0	0
0	0
0	0
1	0
0	0
1	0
0	0
0	0
0	0
4	0
0	0
0	0
2	0
0	1
0	1
1	1
0	1
5	1
1	0
0	0
0	0
1	0
0	4
0	4
6	0
4	0
0	0
0	6
0	8
3	9
0	0
0	0
0	0
1	0
1	0
0	0
5	0
8	0
5	0
3	0
3	0
2	0
1	0
3	3
3	3
1	0
1	0
1	0
12	0
2	0
0	0
0	0
0	1
15	8
0	7
7	0
0	0
1	0
0	0
1	1
2	1
1	2
2	0
0	2
5	0
1	0
0	1
0	1
1	0
2	0
4	0
0	0
4	0
0	0
0	0
1	0
0	0
4	0
2	3
4	3
1	0
0	0
0	0
0	0
2	1
0	0
0	2
2	0
0	3
0	0
0	0
2	0
0	0
0	0
1	0
0	0
0	5
0	8
4	13
0	7
38	0
0	0
2	0
6	0
3	0
1	2
0	1
1	2
3	1
1	2
0	0
1	2
0	0
0	1
0	1
1	0
5	0
6	0
3	0
1	0
0	0
0	0
0	0
0	0
0	0
1	0
0	0
2	0
0	0
12	0
4	0
0	0
0	0
4	0
0	0
0	0
0	0
0	0
2	0
2	0
0	0
1	0
0	0
3	0
0	0
2	0
4	0
0	0
0	0
3	0
1	0
4	0
2	0
0	0
0	0
0	0
0	0
0	0
0	0
0	0
2	0
1	0
0	0
3	0
0	0
3	0
0	0
6	1
0	0
4	0
0	0
2	0
0	0
2	0
3	0
0	0
4	0
2	0
3	0
0	1
0	1
0	0
0	0
1	0
0	0
0	0
0	0
0	0
1	0
0	0
3	0
0	0
0	0
1	0
1	0
0	0
4	0
0	0
1	0
0	0
0	1
1	1
11	0
2	0
0	0
2	0
0	0
2	0
1	0
0	0
2	0
0	2
0	2
0	0
2	0
0	0
0	0
2	0
1	0
0	0
21	0
0	0
0	0
10	0
2	0
3	0
3	0
1	0
1	0
7	0
0	0
0	7
1	7
0	0
0	0
0	0
0	0
2	0
1	0
1	0
11	0
2	0
0	0
0	0
1	0
1	0
2	0
0	0
0	0
0	0
0	0
0	0
0	0
0	1
4	0
1	0
1	0
1	0
0	0
0	0
3	0
0	0
0	0
1	0
2	1
0	0
0	0
1	0
0	0
0	0
2	0
1	1
0	1
3	0
1	0
0	0
1	0
1	1
0	1
0	0
0	0
1	1
2	0
8	0
0	0
1	0
2	0
2	0
1	0
0	0
2	0
1	2
0	2
0	0
3	0
0	0
0	0
1	0
11	0
0	0
0	15
0	8
0	3
0	12
0	0
0	0
0	0
0	1
0	0
1	0
1	6
0	1
1	6
0	0
1	0
5	0
6	0
0	0
4	0
0	0
2	0
5	0
0	1
0	0
0	1
0	0
0	0
1	0
8	0
3	1
4	1
0	1
0	1
3	0
1	0
0	0
4	0
2	0
0	0
0	0
1	0
0	2
0	2
0	0
3	3
2	1
2	3
0	0
0	0
0	0
0	1
1	1
1	0
7	0
1	0
0	1
0	7
0	7
0	0
0	0
0	0
0	0
1	0
4	0
0	0
1	0
0	0
0	0
0	0
7	0
0	0
2	0
2	0
6	0
2	0
0	3
0	3
0	0
3	0
2	1
2	1
1	0
0	0
1	5
1	4
1	0
0	0
0	0
2	6
2	0
1	6
3	0
4	2
3	2
1	12
0	4
0	8
7	0
0	0
0	0
0	0
1	1
0	1
5	0
1	0
0	0
0	0
0	0
0	0
1	0
17	0
0	0
0	1
0	1
7	0
6	0
0	2
3	0
0	0
2	0
5	16
0	16
0	0
1	18
2	18
0	18
0	14
3	14
0	0
1	0
13	0
0	0
3	0
2	0
0	0
0	0
0	1
2	1
1	0
3	1
0	1
3	0
0	0
3	1
0	0
0	1
2	0
0	0
2	1
0	1
3	0
0	0
0	0
0	0
2	0
1	0
2	8
3	8
0	0
0	0
1	23
0	19
0	4
1	0
0	0
0	0
0	1
0	1
0	0
0	0
2	0
0	0
0	0
1	0
2	0
0	0
0	0
13	1
4	0
1	0
0	0
1	0
0	0
1	0
0	4
0	4
0	4
0	0
0	0
1	0
0	0
2	0
0	0
1	0
0	0
0	0
0	0
2	0
0	0
0	0
1	1
0	0
0	0
1	0
1	0
0	0
0	0
0	0
2	0
1	0
1	0
0	0
0	0
0	0
0	0
0	0
0	0
2	0
2	0
0	0
1	0
0	0
0	0
0	0
0	0
0	0
1	0
1	0
3	0
0	0
1	0
1	0
1	0
1	0
0	0
0	0
0	0
0	0
1	0
0	0
0	0
3	0
0	0
1	0
0	0
0	0
0	0
1	0
1	0
1	0
0	0
1	0
3	0
1	0
1	0
0	0
0	0
0	0
1	0
1	0
0	0
0	0
0	0
0	0
0	0
0	0
1	0
1	0
0	0
0	0
0	0
2	0
9	0
0	0
1	0
5	0
4	1
1	0
0	0
0	0
0	0
2	0
1	0
2	0
3	0
0	0
0	0
0	1
0	1
1	0
0	0
0	0
0	0
2	0
0	0
2	0
0	0
0	0
0	0
0	0
1	0
2	0
4	0
0	0
0	2
0	2
0	0
0	2
4	2
0	0
0	0
1	0
2	0
0	0
0	0
2	0
1	0
0	0
0	0
3	0
0	0
0	0
1	0
0	0
1	0
0	0
0	0
0	0
11	0
2	0
1	0
0	0
0	0
3	0
0	0
0	0
1	0
0	0
0	0
0	0
1	0
0	0
2	0
2	0
0	0
2	0
0	0
1	0
3	0
0	0
5	0
2	0
1	0
0	0
2	0
0	0
0	0
0	0
0	0
0	0
0	0
1	0
1	0
1	1
2	0
1	0
1	0
0	0
0	0
0	0
0	0
0	0
4	0
0	0
0	0
0	1
2	0
0	0
0	0
0	0
0	0
0	0
2	0
0	0
1	0
4	0
0	0
2	0
1	0
6	0
3	0
1	0
0	0
0	1
0	0
3	0
0	0
2	0
0	0
0	0
2	0
7	0
1	0
0	0
0	0
0	0
1	0
0	0
0	0
1	0
0	0
0	0
0	0
1	0
0	0
1	0
0	0
0	0
1	0
6	0
0	0
0	0
5	0
0	0
1	4
0	4
0	7
0	0
0	0
0	0
6	0
0	0
0	1
1	1
4	0
0	0
0	0
5	0
0	0
0	1
3	1
1	0
0	0
3	0
0	0
2	0
0	0
2	0
4	0
0	0
0	0
6	0
4	0
1	0
1	0
0	0
0	0
0	1
0	1
1	0
1	0
0	1
0	1
2	0
0	0
1	0
2	0
0	0
0	0
5	0
0	0
1	1
1	1
5	0
1	2
4	2
0	0
1	0
3	0
0	1
0	1
0	0
0	0
0	0
1	0
5	0
0	0
0	0
4	0
3	0
0	0
2	0
0	0
2	0
2	0
2	0
4	1
1	1
2	1
0	1
1	0
0	0
0	0
0	0
0	0
7	0
0	0
0	0
1	0
0	2
0	2
0	0
0	0
0	5
0	5
0	0
0	0
0	0
2	0
0	0
0	0
0	0
2	0
2	0
1	0
0	0
0	0
0	0
0	0
2	0
0	0
0	0
0	0
3	0
0	0
0	0
0	0
0	0
2	0
1	0
4	1
0	0
0	0
0	0
0	0
0	1
1	1
0	0
1	0
1	2
1	2
1	0
3	0
0	0
0	0
0	0
2	0
0	0
0	0
0	0
1	0
3	0
2	0
0	0
0	0
1	0
0	0
0	0
1	0
0	0
0	0
1	0
0	0
1	0
2	0
1	0
1	0
1	0
0	0
0	0
0	0
0	0
2	0
1	0
2	0
0	0
0	0
1	0
0	0
2	0
1	0
0	0
0	0
0	0
2	0
0	0
0	0
1	0
1	0
0	0
0	0
0	0
0	0
0	0
0	0
0	0
0	0
0	0
0	0
0	0
1	0
3	0
0	0
0	0
0	0
1	0
0	0
1	0
0	0
0	0
0	0
0	0
0	0
2	0
1	0
0	0
0	0
0	0
1	0
2	0
2	0
0	0
0	0
0	2
0	2
2	0
2	1
0	2
1	0
6	0
0	2
1	2
1	0
0	0
0	0
0	0
0	0
0	0
4	0
0	0
0	0
3	0
0	0
0	0
1	0
0	0
0	0
7	0
2	0
8	0
0	0
2	0
0	0
1	0
0	0
2	0
0	0
0	0
2	0
2	0
4	0
0	0
1	0
6	0
1	0
0	0
1	0
0	0
1	0
0	0
0	0
0	0
0	0
0	0
0	0
0	0
0	0
1	0
1	0
4	0
0	0
1	1
0	1
0	0
3	0
0	0
3	0
0	0
0	0
0	0
0	0
3	0
1	0
1	0
1	0
1	0
0	0
3	0
0	1
0	1
0	1
0	0
2	0
0	0
0	0
0	1
2	1
0	0
0	0
1	0
1	0
3	0
1	0
1	0
0	0
0	0
6	0
0	0
2	0
0	1
0	1
2	0
0	0
0	0
0	0
0	0
0	0
0	0
0	0
0	0
0	0
1	2
2	2
0	1
0	1
1	0
0	0
0	0
0	0
1	0
17	7
2	7
1	0
2	0
0	0
0	0
0	1
1	1
0	0
4	5
0	5
4	0
1	0
1	0
5	0
6	0
16	0
0	0
0	0
0	0
0	0
0	0
4	0
2	0
0	1
0	0
1	1
0	0
0	0
3	0
0	0
0	0
0	0
0	9
1	4
4	9
3	0
0	0
0	0
0	0
1	0
0	2
0	0
0	1
38	0
16	0
0	10
0	12
36	12
0	0
12	0
4	4
0	4
1	0
5	0
1	0
0	6
2	0
0	6
9	0
4	0
2	1
0	2
0	1
0	1
0	1
0	0
7	2
0	2
3	0
2	0
1	0
1	0
0	0
1	0
2	0
0	0
0	0
0	0
1	0
2	0
1	0
0	0
4	0
0	0
4	0
2	0
14	0
7	0
2	0
0	0
0	0
1	0
0	0
0	0
0	0
1	0
0	1
2	7
0	6
2	0
2	0
0	0
0	1
0	1
0	0
1	0
1	0
6	0
1	1
2	1
0	0
0	0
5	0
0	0
0	0
4	0
0	0
0	0
1	0
0	1
0	0
4	0
0	0
10	0
0	0
0	0
0	0
0	0
0	0
6	0
0	0
0	0
3	0
3	0
0	0
1	1
1	1
3	120
0	84
0	84
0	107
4	121
7	1
0	1
0	0
1	0
0	1
3	1
0	0
0	10
2	10
0	0
3	0
6	0
2	1
0	1
21	0
0	0
1	2
0	2
3	0
3	0
0	0
1	0
0	0
3	0
2	0
4	0
2	0
2	0
0	0
2	0
0	0
1	1
0	0
1	0
0	0
0	0
8	0
2	0
1	0
0	0
2	0
1	0
0	0
0	0
2	0
0	0
2	0
0	0
2	0
0	0
0	0
0	0
2	0
0	0
0	0
3	0
1	0
0	0
2	0
5	0
0	0
2	0
0	0
2	0
0	0
0	0
0	0
0	0
1	0
0	0
0	0
2	0
1	0
0	0
3	0
0	0
0	0
1	0
2	0
1	0
4	0
1	0
0	0
0	0
0	0
0	0
1	0
0	0
0	0
0	1
5	1
2	0
2	0
1	0
4	0
0	0
8	0
0	0
0	0
2	0
0	0
0	0
1	0
0	0
0	0
2	0
1	0
0	0
1	0
0	0
0	0
0	0
0	0
1	0
0	0
0	0
1	0
0	0
1	0
2	0
0	0
1	0
0	0
0	0
0	0
6	0
16	0
0	0
0	0
0	0
2	0
0	0
1	0
0	0
1	0
0	0
3	0
0	0
5	0
1	0
1	0
3	0
0	0
0	0
0	0
2	0
0	0
5	0
0	0
1	0
0	0
1	0
2	0
0	0
1	0
3	0
2	0
0	0
0	0
5	0
3	0
0	0
0	0
0	0
3	0
2	0
0	0
0	0
0	0
0	0
1	0
2	0
2	1
2	1
2	0
0	0
0	0
0	0
2	0
2	0
1	0
0	0
0	0
4	0
1	0
0	0
0	0
0	0
5	0
3	0
2	0
8	0
3	0
1	0
0	0
0	0
2	0
0	0
1	0
1	0
7	0
0	0
3	0
0	0
1	0
2	0
0	0
0	0
4	0
0	0
0	0
0	0
1	0
3	0
1	0
0	0
0	0
0	0
0	0
3	0
0	0
2	0
1	0
0	0
7	0
2	0
2	0
0	0
1	0
0	0
0	0
0	0
0	0
2	0
0	0
0	0
0	0
1	0
5	0
1	0
1	0
0	2
0	2
0	1
0	1
1	2
2	2
4	0
0	0
2	1
0	1
5	0
0	0
2	0
1	0
0	0
0	0
1	0
1	0
0	0
0	0
0	0
0	0
2	0
2	0
0	0
4	0
0	0
1	0
0	0
0	0
2	0
0	0
2	0
0	0
0	0
0	0
2	0
1	0
0	0
0	0
0	0
2	0
0	0
0	0
0	0
0	0
0	0
5	0
2	0
0	0
0	0
0	1
1	0
0	0
2	0
0	0
0	0
2	0
1	0
5	0
0	0
0	0
0	0
3	0
0	0
0	0
0	0
0	0
0	0
1	0
1	0
1	0
3	0
4	0
3	0
2	0
0	0
0	0
0	0
0	0
1	0
0	1
0	0
0	0
2	0
0	0
0	0
0	0
0	0
0	0
0	0
0	0
0	0
1	0
0	0
1	0
0	0
0	0
2	0
0	0
0	0
1	0
3	0
1	1
2	0
2	0
0	0
0	1
0	0
0	0
0	0
0	0
0	0
0	0
0	0
0	0
0	0
0	0
0	0
0	0
0	0
0	0
0	0
0	0
0	0
0	0
0	0
0	0
1	0
2	2
0	2
0	0
0	0
1	1
0	1
0	0
0	0
10	0
0	0
0	2
5	1
0	0
0	0
1	0
0	0
2	0
0	2
0	2
1	0
0	0
0	0
3	0
0	1
1	1
0	0
17	0
0	0
0	0
0	22
1	22
0	0
0	0
2	0
0	0
1	0
0	0
0	0
1	0
2	0
0	0
0	0
2	0
1	0
0	0
1	0
0	0
4	1
4	1
3	0
0	0
1	0
1	0
0	0
0	0
5	0
0	0
2	0
0	0
0	0
1	0
0	0
3	0
0	0
1	0
0	0
0	0
0	0
0	0
1	0
0	0
2	0
2	0
0	0
1	0
1	0
0	0
5	0
0	0
0	0
0	0
0	0
5	0
0	0
0	0
0	0
2	0
0	0
0	0
1	0
0	0
0	0
0	0
0	0
1	0
1	0
0	0
5	0
1	0
0	0
0	0
0	0
0	0
4	0
0	0
0	0
0	0
2	0
0	0
2	0
0	0
1	0
1	0
2	0
0	0
0	0
1	0
1	0
0	0
0	0
0	0
0	0
0	0
0	0
0	0
0	0
0	0
0	0
2	0
0	0
0	0
2	0
2	0
2	0
2	0
2	0
1	0
0	0
1	0
0	0
0	0
2	0
0	0
0	0
2	0
0	0
0	0
1	0
0	0
1	0
1	0
0	0
0	0
4	0
0	0
0	0
0	0
0	0
1	0
0	0
0	0
0	0
6	0
2	0
0	0
8	0
1	0
1	0
2	0
1	0
0	0
3	0
0	0
0	0
0	0
3	0
0	0
2	0
3	0
3	0
0	0
1	0
0	0
0	0
1	0
0	0
0	0
0	0
0	0
0	0
1	0
0	0
0	0
0	0
3	0
1	0
4	0
0	0
0	0
3	0
0	0
0	0
0	0
2	1
0	0
0	0
0	0
3	0
0	0
0	0
1	0
0	0
1	0
0	0
2	0
0	0
1	0
2	0
0	0
1	0
1	0
0	0
2	0
0	0
1	0
0	0
0	0
1	0
0	0
3	0
1	0
0	0
1	0
0	0
2	0
0	0
0	0
2	0
1	0
0	0
0	0
1	0
0	0
1	0
0	0
0	0
3	0
1	0
0	0
7	0
0	0
0	0
0	0
0	0
0	0
5	0
0	0
1	0
1	0
0	0
2	0
0	0
4	0
1	0
1	0
1	0
1	0
0	0
0	0
0	0
0	0
2	0
4	0
4	1
0	0
0	0
0	0
2	0
4	0
5	0
0	0
1	0
1	0
0	0
3	0
3	0
3	0
0	0
0	0
1	0
0	0
0	0
2	0
1	0
0	0
0	1
1	0
0	0
0	0
2	0
0	0
0	0
2	0
0	0
0	0
1	0
0	0
2	0
0	0
0	0
2	0
0	0
0	0
0	0
1	0
1	0
0	0
2	0
1	1
0	0
1	0
0	0
1	0
3	0
0	0
2	0
1	0
0	0
1	0
0	0
0	0
3	0
0	0
0	0
0	0
0	0
0	0
0	0
0	0
2	1
0	0
0	0
0	0
0	0
0	0
0	0
1	0
0	0
0	0
0	0
0	0
0	0
0	0
3	0
0	0
1	0
1	0
3	0
0	0
4	0
0	0
2	0
0	0
2	0
0	0
0	0
0	0
0	0
0	0
2	0
0	0
0	0
0	0
0	0
0	0
0	0
0	0
0	0
0	0
0	0
0	0
0	0
0	0
2	0
0	0
0	0
0	0
0	0
3	0
0	0
2	0
0	0
0	0
0	0
0	0
1	0
0	0
0	0
0	0
1	0
0	0
0	0
1	0
0	1
1	1
0	0
2	0
3	0
1	0
0	0
2	0
5	0
1	0
0	0
1	0
4	0
5	0
0	0
0	0
0	0
0	0
5	0
2	0
0	0
2	0
0	0
14	0
0	0
2	0
0	0
0	0
1	0
0	0
1	0
2	0
0	0
1	0
0	0
0	0
1	0
0	0
1	0
6	1
1	0
0	0
2	0
0	0
0	0
0	0
0	0
0	0
2	0
0	0
0	0
2	0
0	0
10	0
3	0
2	0
3	0
0	0
0	0
2	0
2	0
3	0
1	0
2	0
0	0
8	0
0	0
1	0
0	0
0	0
2	0
2	1
1	1
5	0
0	0
3	0
11	0
6	0
1	0
0	0
0	17
0	14
0	8
0	0
0	0
0	0
0	0
1	0
0	0
0	0
0	0
4	0
0	1
3	1
0	2
1	2
5	0
0	0
2	0
1	0
1	0
0	0
0	0
1	0
0	0
1	1
0	1
2	0
2	0
0	0
0	0
0	0
1	0
0	0
1	0
0	1
4	2
7	0
2	1
0	1
0	0
2	0
3	0
2	0
3	0
0	0
1	0
1	0
15	0
0	0
0	0
2	0
2	0
2	0
0	0
0	0
0	0
0	0
0	0
0	0
2	0
12	0
0	0
1	0
0	0
3	0
3	0
0	0
0	0
0	0
1	0
0	0
2	0
0	0
1	0
2	0
7	0
2	0
1	0
0	0
1	1
5	0
1	0
0	0
0	0
0	0
0	0
0	0
0	0
0	0
3	0
0	0
0	0
1	0
0	0
0	0
0	0
0	0
1	0
0	0
0	0
0	0
1	0
1	0
0	0
2	0
1	0
0	0
0	0
0	0
0	0
3	0
1	0
1	0
1	0
1	0
2	0
0	0
0	0
3	0
0	0
0	0
0	0
0	0
2	0
0	0
1	0
3	0
1	0
2	0
0	0
0	0
1	0
2	0
0	0
3	0
2	0
3	0
2	1
1	0
0	0
0	0
0	0
0	0
0	0
0	0
3	0
0	0
0	0
0	0
0	0
0	0
0	0
2	0
0	0
0	0
0	0
0	0
1	0
2	0
1	0
0	0
0	0
2	0
0	0
0	0
0	0
0	0
2	0
0	0
0	0
0	0
5	1
1	0
0	0
0	0
1	0
0	0
0	0
1	0
1	0
0	0
0	0
0	0
0	0
3	0
1	0
1	0
2	0
0	0
2	0
0	0
0	0
0	0
0	0
0	0
2	0
0	0
1	0
1	0
0	0
0	0
0	0
1	0
1	0
2	0
0	0
2	0
0	0
2	0
1	0
0	0
0	0
0	0
2	0
0	0
0	0
17	0
0	0
0	0
0	0
1	0
9	2
0	2
3	0
3	0
0	0
4	0
6	0
0	0
0	1
0	1
0	0
2	0
0	0
2	0
1	0
0	0
1	0
0	0
0	0
0	0
0	5
1	5
0	0
1	0
2	0
0	6
0	6
0	0
2	0
0	0
0	0
0	0
0	2
0	2
1	0
4	0
1	0
0	0
3	0
1	0
1	0
2	68
0	25
2	84
0	0
2	0
5	0
0	0
1	0
1	0
1	0
3	0
1	1
3	2
13	2
6	0
0	0
0	0
0	3
0	3
0	0
0	0
8	0
0	0
1	0
16	0
0	0
0	0
0	0
1	2
1	2
1	0
0	0
0	0
0	0
2	0
0	0
1	0
2	0
0	0
5	1
1	1
2	0
8	0
0	0
2	0
2	0
0	0
0	0
0	0
0	0
0	0
0	0
1	0
6	0
0	0
0	0
1	0
0	0
1	0
2	3
0	3
35	0
0	0
0	1
12	1
2	0
0	0
0	0
1	0
3	0
0	0
0	1
4	0
5	1
1	0
0	0
4	0
0	0
2	209
0	217
2	171
1	246
25	0
2	13
0	13
5	0
0	0
0	2
0	2
0	0
0	0
0	0
3	0
1	0
3	0
1	0
0	0
0	1
1	2
0	0
0	0
0	0
5	0
1	2
11	2
2	0
0	0
0	0
3	2
1	0
0	0
0	2
25	0
0	0
0	0
2	0
0	0
4	0
0	0
0	0
6	0
2	1
7	2
11	35
0	36
0	0
0	2
2	2
0	0
4	0
0	0
4	0
7	1
13	1
16	0
20	0
0	0
1	0
0	2
0	2
0	0
33	0
0	0
0	0
6	0
3	22
0	5
0	24
0	0
0	1
0	1
0	0
25	0
0	0
0	2
0	2
0	0
2	0
1	5
0	5
12	0
3	4
4	4
4	0
0	12
2	11
18	0
0	5
2	8
0	5
0	3
0	0
0	0
0	0
0	11
0	11
2	0
1	0
2	0
1	0
0	0
2	3
6	0
0	3
1	0
0	7
0	7
9	5
2	5
0	1
0	4
1	7
3	11
3	0
0	0
21	0
8	0
11	0
15	0
1	0
1	13
2	13
4	0
4	0
6	0
0	5
2	3
6	8
6	0
4	0
0	3
1	45
1	118
3	40
2	128
2	46
8	79
4	125
0	44
13	0
1	0
1	0
0	0
0	5
0	2
0	5
7	0
0	3
5	3
1	0
0	0
0	0
2	0
1	0
0	0
2	1
0	7
0	7
17	80
0	80
5	0
6	0
35	0
3	2
3	2
123	0
2	29
1	29
0	16
8	0
3	6
1	6
0	0
7	0
4	0
0	9
4	6
1	9
10	18
1	0
3	0
6	0
1	0
4	13
0	13
0	8
0	8
1	2
0	2
0	2
3	0
3	7
1	7
0	11
0	12
0	13
0	6
1	3
4	6
1	3
0	3
6	3
0	3
1	6
0	7
0	3
0	7
17	35
0	0
0	35
3	2
0	2
0	3
0	0
0	3
4	0
3	2
1	9
0	2
0	7
1	3
0	3
0	1
0	2
1	2
0	1
5	1
0	0
12	0
3	2
1	2
16	0
5	0
0	0
0	0
3	0
3	0
1	0
1	0
1	0
0	0
2	0
12	0
1	0
2	0
0	0
0	0
6	0
4	4
0	4
0	0
0	0
1	1
1	1
1	0
4	0
0	0
0	0
1	0
0	26
0	44
0	21
1	4
3	4
1	2
1	8
0	6
1	0
0	0
5	0
4	0
0	0
0	3
0	0
1	3
0	0
2	0
11	0
15	0
0	0
0	0
13	0
0	0
0	0
5	0
5	6
2	6
21	0
17	0
8	0
3	0
1	17
1	17
0	7
5	34
3	34
0	8
0	9
0	9
6	0
3	0
0	0
1	2
0	2
0	0
0	0
1	0
3	0
14	0
0	0
2	0
1	0
1	0
12	0
8	0
17	0
0	0
3	0
0	0
1	0
4	0
0	0
0	0
0	0
1	0
0	0
0	0
0	0
0	0
4	0
0	0
3	0
1	1
0	0
3	0
0	0
0	0
0	0
2	0
5	0
4	0
0	0
0	0
0	0
2	0
0	0
0	0
9	0
0	0
0	0
0	0
0	0
3	0
1	0
0	0
0	0
8	0
0	0
5	0
1	0
0	0
1	0
0	0
5	0
0	0
0	0
1	8
0	8
2	0
0	0
1	0
1	0
2	0
2	0
0	0
4	0
5	0
0	0
0	0
0	0
0	0
0	0
4	0
0	0
0	0
0	0
5	0
3	0
1	0
0	0
2	0
17	0
0	0
3	0
0	0
0	1
0	0
1	0
1	0
1	0
1	0
2	0
1	0
3	0
9	0
3	0
2	0
1	0
0	0
0	0
2	0
1	0
0	0
0	0
0	1
2	1
0	0
0	0
3	0
0	0
0	0
1	0
0	0
0	0
5	0
0	0
9	0
0	0
3	0
2	0
2	0
3	0
0	1
1	1
0	1
4	1
1	0
1	0
1	0
0	0
67	0
0	0
0	0
2	0
0	0
2	0
0	4
0	4
0	0
1	0
4	0
1	0
0	0
0	0
0	0
1	0
2	0
2	0
2	0
0	0
0	0
2	0
0	0
2	0
0	0
0	0
0	0
0	0
0	0
0	0
1	0
3	0
0	0
0	0
1	0
0	0
1	0
0	0
0	0
1	0
1	0
0	0
1	0
0	0
2	0
0	0
3	0
1	0
2	0
0	0
1	0
0	0
0	0
0	0
0	0
0	0
0	0
0	0
2	0
0	0
0	0
0	0
1	0
0	0
0	0
0	0
2	0
0	0
0	0
1	0
0	0
2	0
0	0
0	0
0	0
1	0
2	0
2	0
0	0
2	0
0	0
0	0
0	0
0	0
2	0
1	0
1	0
0	0
0	0
1	0
0	0
1	0
0	0
0	0
0	0
0	0
0	0
0	0
0	0
1	0
0	0
0	0
0	0
0	0
0	0
1	0
2	0
0	0
0	0
0	0
0	0
1	0
0	0
0	0
0	0
0	0
0	0
0	0
0	0
0	0
3	0
0	0
0	0
2	0
2	0
0	0
0	0
0	0
2	0
0	0
2	0
0	0
0	0
0	0
0	0
9	0
0	0
10	0
12	0
0	0
3	0
0	0
0	0
0	0
0	0
3	0
2	0
0	0
0	0
0	0
0	0
3	0
0	1
0	0
5	0
0	0
6	0
0	0
6	0
2	0
1	0
0	0
1	0
2	1
0	0
1	1
0	0
5	0
2	0
1	0
1	0
3	0
1	0
1	0
1	0
1	0
9	0
0	0
2	0
10	0
0	0
1	0
0	0
1	0
0	0
0	1
1	1
0	0
0	0
0	0
0	0
1	0
0	0
0	0
0	0
0	0
1	0
0	0
3	0
0	0
4	0
0	0
0	0
1	0
1	0
0	0
0	0
4	0
0	0
0	0
0	0
0	1
1	0
5	1
0	0
3	0
0	0
0	0
0	0
0	0
0	0
0	0
0	0
1	0
0	0
1	0
0	0
1	0
0	0
0	2
1	2
1	0
0	0
1	0
1	0
1	0
0	0
0	0
3	0
6	0
1	0
1	0
2	0
1	0
2	0
5	0
0	0
1	0
2	0
1	0
0	0
0	0
0	0
0	1
5	1
2	0
0	0
2	0
1	0
0	0
3	0
0	0
3	0
3	0
7	1
10	0
1	0
0	0
3	0
0	0
0	0
0	0
0	0
0	0
0	0
1	1
0	1
0	0
0	0
0	0
2	1
3	1
0	0
1	3
0	3
3	0
5	0
1	0
0	0
0	0
0	0
0	0
0	0
2	0
1	0
3	0
0	0
1	0
0	0
1	0
0	0
1	1
0	1
0	0
0	1
0	0
1	0
0	0
1	0
4	0
2	0
0	0
0	0
1	0
1	0
4	0
0	0
2	0
1	0
7	0
2	0
0	0
2	0
2	0
0	0
0	0
0	0
2	0
0	0
1	0
1	0
0	0
0	0
1	0
0	1
0	1
0	0
1	7
1	7
3	0
0	0
0	0
2	0
0	10
0	10
0	3
0	0
0	5
0	8
1	2
0	1
0	0
3	0
10	0
3	0
4	0
13	0
0	1
0	1
0	0
0	0
0	0
0	0
0	0
0	0
1	0
1	0
2	0
5	0
5	0
0	0
0	9
0	0
0	9
0	0
0	0
0	0
0	0
0	0
6	0
0	0
0	0
0	2
1	2
0	10
0	10
0	0
0	0
7	1
1	1
2	1
0	1
4	0
2	0
0	0
0	0
0	3
0	3
2	0
0	0
10	0
3	0
13	0
1	0
0	0
2	0
8	0
2	0
15	0
1	0
0	0
0	6
0	6
1	0
0	0
0	0
3	0
0	0
3	0
3	0
1	1
0	1
21	0
1	0
0	0
0	0
3	0
0	0
9	0
0	0
0	0
5	0
0	1
0	2
0	2
1	0
3	0
0	8
0	8
3	0
3	0
33	0
0	0
0	8
0	14
0	12
0	5
2	0
0	4
0	14
1	14
12	0
10	0
0	0
4	0
1	0
3	0
0	0
0	0
0	0
0	0
6	0
13	0
5	0
0	0
0	0
5	0
6	0
0	2
0	3
1	3
0	0
0	2
1	2
4	3
3	1
0	1
1	1
2	0
8	0
5	0
3	0
2	1
0	1
0	8
0	10
0	11
11	0
0	0
0	0
1	0
3	0
3	1
7	1
0	0
3	0
2	0
1	0
0	0
2	0
1	0
0	0
0	0
0	0
1	0
5	0
0	0
3	0
5	0
0	0
0	0
0	0
4	0
10	0
2	0
5	0
2	0
1	0
1	5
4	5
2	0
0	0
0	5
3	5
0	0
1	0
0	2
4	2
3	2
0	6
1	6
0	1
0	19
0	0
0	3
0	21
1	23
0	18
0	16
4	16
4	0
2	0
1	0
1	0
0	19
1	20
4	14
5	0
1	0
0	0
4	0
0	0
0	0
0	0
0	0
2	0
2	0
0	0
2	0
1	0
4	0
0	0
0	0
7	0
2	0
0	0
0	0
2	0
7	1
0	0
0	0
0	0
2	0
2	0
1	0
2	0
0	0
1	0
0	0
2	0
1	0
1	0
0	0
0	0
2	0
0	0
1	0
0	0
0	0
1	0
0	0
1	0
1	0
1	0
0	0
0	0
2	0
3	0
4	0
0	0
9	0
9	0
3	0
0	0
0	0
10	0
2	0
0	1
2	0
0	0
0	0
5	0
0	0
1	0
0	0
0	0
11	0
2	0
0	0
1	0
0	0
3	0
1	0
2	0
2	0
1	0
2	0
1	0
0	0
4	0
2	0
0	0
0	0
0	0
0	0
2	0
1	0
0	0
2	0
0	0
0	0
1	0
2	0
0	0
0	0
1	0
0	0
1	0
2	0
0	0
0	0
1	0
0	0
0	0
1	0
0	0
0	0
0	0
1	0
0	0
2	0
8	0
1	0
0	0
0	0
0	0
2	0
0	0
4	0
1	1
0	0
0	0
0	0
0	0
2	0
4	0
0	0
0	0
1	0
0	0
0	0
0	0
0	0
0	0
0	0
5	0
0	0
0	0
5	0
4	0
0	0
0	0
1	0
1	0
0	0
0	0
1	0
0	0
0	0
1	0
1	0
2	0
4	0
1	0
0	0
0	0
5	0
0	0
1	0
0	0
0	0
0	0
45	0
0	0
6	0
2	0
3	0
2	0
4	0
2	0
11	0
3	0
2	0
6	0
0	0
2	0
1	1
2	0
1	0
0	0
3	0
2	0
2	0
1	0
0	0
4	0
0	0
0	0
0	0
0	0
0	0
1	0
0	0
0	0
2	0
2	0
2	0
0	0
2	0
0	0
0	0
6	0
1	0
0	0
1	0
1	0
0	0
0	0
0	1
0	0
1	0
0	0
0	0
0	0
1	0
1	0
0	0
0	0
0	0
1	0
0	0
0	0
3	0
1	0
1	0
0	0
1	0
0	0
0	0
0	0
0	0
0	0
3	0
0	0
2	0
0	0
1	1
0	0
1	0
2	0
1	0
1	0
2	0
0	0
1	0
1	0
0	0
0	1
1	0
0	0
0	0
0	0
0	0
0	0
0	0
1	0
0	0
1	0
1	0
0	0
1	0
2	0
2	0
1	0
0	0
0	0
0	0
0	0
0	0
0	0
0	0
0	0
0	0
0	0
2	0
0	0
0	0
0	0
0	0
1	0
3	0
0	0
2	0
1	0
4	0
3	0
0	0
0	0
1	0
0	0
0	0
0	0
0	1
2	0
0	0
0	0
0	0
0	0
2	0
3	1
2	0
1	0
0	0
1	0
0	0
0	0
0	0
0	0
0	0
1	1
0	0
1	0
5	0
0	0
3	0
0	0
0	0
1	0
0	0
2	0
1	0
2	0
2	0
2	0
1	0
1	0
0	0
2	0
0	0
1	0
1	0
2	0
2	0
4	0
0	0
0	0
0	0
0	0
0	0
0	0
4	0
0	0
0	0
2	0
0	0
1	0
0	0
4	0
0	0
0	0
1	0
0	0
2	0
0	0
0	0
5	0
0	0
1	0
0	0
0	0
0	0
0	0
3	0
2	0
1	0
0	2
0	2
1	0
0	0
0	0
1	0
0	0
12	0
8	0
1	3
1	3
0	0
1	0
3	0
1	0
5	0
4	9
6	9
0	2
6	0
1	0
5	3
0	3
2	0
0	0
2	0
0	0
0	0
0	0
1	1
1	0
0	0
0	0
0	0
5	0
1	0
0	0
0	0
9	0
7	2
3	2
3	0
0	1
0	1
1	2
2	2
0	0
3	0
0	0
0	0
0	0
0	1
0	1
0	0
2	0
0	0
2	0
3	0
0	0
2	0
0	0
0	0
2	0
1	0
1	0
0	0
0	0
0	0
2	0
0	0
0	0
3	0
11	0
0	0
1	0
0	0
0	0
9	0
0	0
0	0
0	0
1	0
0	0
0	0
0	0
0	0
2	0
0	0
0	0
0	1
0	0
4	0
0	0
7	0
0	0
0	0
1	0
1	0
2	0
9	0
3	0
1	0
10	0
0	3
0	7
0	10
0	0
2	0
0	0
1	0
2	0
0	0
1	0
0	0
0	16
0	3
0	16
2	0
5	0
1	1
6	1
0	0
0	0
0	0
2	1
1	1
0	0
14	0
0	0
1	0
0	0
0	1
1	1
2	0
1	0
0	0
2	0
2	0
0	2
1	11
1	11
7	1
3	0
0	1
0	1
3	0
1	2
4	2
0	0
1	0
2	0
4	0
3	0
0	0
1	0
0	0
3	0
0	0
0	0
10	0
0	0
3	0
0	0
4	0
0	0
5	0
0	4
0	0
0	4
0	4
2	0
0	0
0	0
0	0
4	0
2	0
1	2
1	2
2	0
0	0
0	3
6	2
2	0
5	1
2	0
0	0
2	0
0	0
0	0
2	0
4	0
0	0
10	0
0	1
0	4
0	3
0	0
2	0
0	0
0	0
3	1
0	1
2	3
0	3
1	0
0	0
0	0
1	0
7	0
1	0
1	0
2	1
2	1
4	0
0	8
2	8
0	0
28	0
0	0
2	0
0	0
1	0
7	0
2	0
6	0
0	0
3	0
0	0
0	5
0	4
0	0
0	0
0	0
4	0
0	0
0	0
0	0
0	0
2	0
0	11
0	11
11	0
8	0
1	0
0	0
0	0
0	0
0	0
3	0
4	1
0	1
0	0
0	0
0	0
0	1
0	1
0	1
0	0
0	0
0	1
0	1
0	0
0	0
0	0
1	0
1	0
0	3
2	3
2	0
5	0
0	0
2	0
0	0
3	0
0	0
0	0
0	0
0	0
0	0
4	0
3	0
0	0
2	0
0	0
0	0
1	0
0	2
2	3
2	1
0	0
0	0
0	0
1	0
2	0
0	0
2	0
0	0
2	21
0	21
2	0
4	0
0	0
0	0
1	0
1	0
0	0
0	0
0	0
0	0
0	0
2	0
0	0
0	0
0	0
1	0
0	0
0	0
0	0
0	0
1	0
0	0
2	0
0	0
1	0
0	0
0	0
0	0
2	0
0	0
1	0
0	0
1	0
1	0
0	0
0	0
0	0
0	0
1	0
0	0
1	0
0	1
1	0
0	0
0	0
1	0
0	0
0	0
0	0
0	0
1	0
0	0
2	0
1	0
1	0
2	0
1	0
0	0
1	0
1	0
0	0
0	0
0	0
1	0
0	0
0	0
0	0
2	0
2	0
0	0
0	0
0	0
0	0
1	0
0	0
0	1
0	0
1	0
2	0
1	0
0	0
0	0
0	0
0	0
0	0
1	0
0	0
0	0
0	0
0	0
0	0
1	0
1	0
0	0
0	0
2	0
1	0
0	0
1	0
0	0
0	0
0	0
1	0
0	0
0	0
2	0
0	0
0	0
3	0
0	0
0	0
0	0
1	0
0	0
1	0
0	0
0	0
0	3
1	0
0	0
1	0
0	0
0	0
1	0
1	0
0	0
0	0
0	0
1	0
0	0
0	0
2	0
0	0
0	0
1	0
0	0
0	0
1	0
0	0
1	0
2	0
1	0
0	0
2	0
1	0
1	0
1	0
2	0
0	0
0	0
0	0
0	0
1	0
0	0
0	0
0	0
0	0
0	0
0	0
0	0
2	0
0	0
0	0
1	0
0	0
0	0
1	0
0	0
0	0
1	0
0	0
1	0
3	0
15	0
0	0
0	7
0	7
0	0
3	0
1	0
4	0
0	0
3	0
1	0
1	0
2	0
0	0
0	0
0	0
0	0
2	0
0	0
1	0
0	0
0	0
0	0
0	0
0	0
0	0
2	0
1	0
1	0
0	0
0	0
2	0
0	0
2	0
1	0
1	0
2	0
0	0
0	0
1	0
0	0
0	0
0	0
0	0
1	0
0	0
1	0
0	0
0	0
1	0
2	0
0	0
0	0
0	0
2	0
0	0
0	0
2	0
0	0
0	0
0	0
2	0
10	0
1	0
1	0
2	0
0	0
5	0
0	0
0	0
2	0
0	0
1	0
0	0
0	0
0	0
2	0
1	0
0	0
1	0
3	0
0	0
6	0
0	0
0	0
0	0
0	0
3	0
0	0
1	0
2	0
4	0
2	0
4	0
1	0
0	0
2	0
0	0
0	0
1	0
2	0
1	0
0	0
0	0
0	0
8	0
1	0
0	0
0	0
0	0
2	0
0	0
1	0
3	0
3	0
1	0
0	0
0	0
0	1
2	0
0	0
1	0
1	0
1	0
0	0
0	0
0	0
0	0
0	0
1	0
2	0
0	0
0	0
1	0
0	0
0	0
1	0
2	0
1	0
4	0
2	1
0	0
0	0
0	0
0	0
0	0
0	0
2	0
0	0
0	0
1	0
1	0
0	0
0	0
0	0
0	0
1	0
0	0
0	0
0	0
1	0
2	0
0	0
5	0
2	0
0	0
5	0
0	0
0	0
0	0
4	0
1	0
0	0
4	0
1	0
3	0
1	0
0	0
3	0
0	0
1	0
8	0
6	0
4	0
0	0
1	0
0	0
1	0
1	0
0	0
0	0
0	0
0	0
3	0
0	0
1	0
0	0
0	0
0	0
2	0
1	0
0	0
0	0
0	0
2	0
0	0
0	0
2	0
3	0
1	0
2	1
0	0
0	0
0	0
1	0
2	0
0	0
2	0
1	0
0	0
0	0
0	0
5	0
0	0
1	0
1	0
0	0
1	0
2	0
5	0
2	0
0	0
0	0
0	0
1	0
0	0
3	0
7	1
0	1
0	2
1	2
0	0
0	1
0	1
0	0
2	3
0	3
1	0
0	0
0	0
0	0
0	0
0	0
0	2
0	2
1	0
0	0
2	0
0	0
1	0
2	0
0	0
0	0
2	0
0	0
1	1
0	2
0	0
0	0
2	0
0	0
0	0
0	0
0	0
0	0
0	1
0	0
1	0
2	0
2	0
0	0
2	0
0	0
0	0
1	0
1	0
2	0
6	0
10	0
0	0
0	0
3	0
0	1
0	1
0	0
1	0
0	0
0	0
3	0
0	1
0	1
0	0
0	0
0	0
1	0
0	0
0	0
1	0
4	0
1	0
0	0
0	0
0	0
4	0
3	0
3	0
2	0
0	0
0	0
0	0
3	0
0	0
0	0
2	0
2	0
0	0
0	0
2	0
0	0
1	0
0	0
0	0
3	0
1	0
0	0
0	0
0	0
0	0
0	0
6	0
0	0
3	0
0	0
0	0
0	0
3	0
1	0
0	0
0	0
2	0
0	0
0	0
0	0
0	0
2	0
0	0
0	0
2	0
0	0
0	0
2	0
1	0
1	0
3	0
0	0
1	1
0	0
0	0
0	0
1	0
0	0
2	0
1	0
0	0
1	0
1	0
2	0
1	0
6	0
0	0
3	0
1	0
0	0
0	0
1	0
2	0
2	0
0	0
0	0
0	0
0	0
2	0
0	0
0	0
0	0
0	0
0	0
0	0
4	0
3	0
0	0
2	0
4	0
1	0
5	0
0	0
0	0
2	0
1	0
0	0
10	0
0	0
0	0
0	2
0	0
0	0
1	0
0	0
1	0
0	0
2	0
0	0
0	0
1	0
1	2
3	2
0	0
0	0
1	0
0	0
2	0
1	0
0	0
0	0
0	0
6	0
0	0
1	1
0	0
0	0
0	0
1	0
0	0
0	0
0	0
1	0
1	0
0	0
0	0
2	0
2	0
0	0
1	0
0	0
1	0
0	1
0	1
0	0
2	0
1	0
0	0
0	0
2	0
3	0
0	0
0	0
2	0
4	0
0	0
0	0
1	0
1	0
0	0
2	1
0	1
3	0
2	0
0	0
1	0
0	0
2	0
1	0
0	0
3	0
3	0
0	0
2	0
0	0
2	0
1	0
0	0
4	0
1	0
1	0
3	0
2	0
0	0
0	0
0	0
4	0
1	0
0	0
0	0
1	0
0	0
2	0
0	0
0	0
3	0
3	0
2	0
0	0
0	1
8	0
3	0
0	0
0	0
0	0
0	0
0	0
3	0
0	0
0	0
1	0
4	0
0	0
0	0
1	0
1	0
4	0
2	0
0	0
6	0
0	0
0	0
1	0
0	2
1	2
0	0
0	0
1	0
4	0
3	4
0	4
0	0
1	0
0	0
1	1
1	0
2	1
0	0
0	0
3	0
0	0
0	0
0	0
0	0
2	0
0	0
1	0
3	0
0	0
0	0
3	0
0	0
14	1
0	0
0	0
1	0
4	0
1	0
0	0
0	0
2	0
2	0
1	0
0	0
0	0
2	0
6	0
4	0
13	0
2	0
2	0
1	0
1	0
0	0
6	0
1	0
6	0
0	0
0	0
1	0
48	0
0	0
0	0
1	0
0	0
0	0
0	0
9	0
1	0
0	0
5	0
9	0
0	0
7	0
1	0
5	0
13	0
2	0
0	0
0	0
1	0
2	0
0	0
4	0
0	0
0	0
0	0
0	0
0	0
0	0
2	0
0	0
0	0
4	0
3	0
0	0
0	0
0	0
0	0
0	0
2	0
0	0
0	0
5	0
0	0
0	0
5	0
2	0
0	0
8	0
0	0
1	0
1	0
3	0
0	0
7	0
0	0
0	0
0	0
11	0
5	0
0	0
0	0
1	0
0	0
1	0
0	0
2	0
3	0
1	0
1	0
2	0
0	0
0	0
3	0
1	0
3	0
8	0
3	0
1	0
0	0
0	0
0	0
1	0
0	0
0	0
3	0
3	0
2	0
0	0
3	0
0	0
0	0
3	0
0	0
0	0
0	0
2	0
0	0
1	0
0	0
0	0
0	0
2	0
0	0
1	0
2	0
1	0
0	0
0	0
0	0
4	0
0	0
1	1
0	0
0	0
10	0
0	0
10	0
2	0
0	0
0	0
2	0
8	0
0	0
5	0
3	0
2	0
0	1
0	0
7	0
1	0
3	0
0	0
1	0
3	0
14	0
2	0
4	0
1	1
1	0
1	0
0	0
2	0
5	0
2	0
0	0
0	0
2	0
2	0
0	1
0	0
4	0
3	0
1	0
0	0
2	0
5	0
0	0
2	0
0	0
5	0
0	0
0	0
5	0
3	0
0	0
1	0
2	0
2	0
1	0
0	0
2	0
0	0
2	0
2	0
2	0
0	0
0	0
2	0
2	0
0	0
1	0
0	0
0	0
0	0
2	0
0	0
0	0
1	6
1	6
0	0
1	1
1	0
0	0
0	0
0	0
2	0
0	0
2	0
0	0
0	0
0	0
0	0
4	0
4	0
0	0
0	0
0	0
3	0
0	0
0	0
0	0
0	0
2	0
2	0
6	0
1	0
2	0
0	0
3	0
0	0
1	0
0	0
0	0
0	0
0	0
2	0
0	0
0	0
1	0
0	0
1	0
0	0
1	0
3	0
0	0
0	0
0	0
0	0
0	0
0	0
0	0
0	0
1	0
0	0
3	0
0	0
0	0
0	0
0	0
1	0
1	0
2	0
0	0
0	0
0	0
1	0
0	0
0	0
0	0
1	0
0	0
2	0
0	0
0	0
0	0
0	0
1	0
0	0
1	0
3	0
0	0
0	1
0	1
0	0
0	0
0	0
3	0
0	0
0	0
1	0
2	0
2	0
1	0
0	0
0	0
1	0
0	0
0	0
0	0
2	1
0	0
3	0
3	0
0	0
1	0
3	0
1	0
0	0
0	0
0	0
0	0
0	0
2	0
2	0
0	0
3	0
1	0
0	0
0	0
0	0
0	0
1	0
2	0
0	0
1	0
2	0
0	0
1	0
0	0
0	0
1	0
0	0
0	0
0	0
0	0
0	0
0	0
0	0
3	0
1	0
0	0
0	0
0	0
0	0
0	0
0	0
2	0
1	0
1	0
0	0
1	0
0	0
2	0
2	0
2	0
0	0
0	0
0	0
0	0
0	0
8	0
2	0
0	0
0	0
0	0
1	0
1	0
0	0
0	0
0	0
2	0
0	0
0	0
1	0
3	0
3	0
0	0
0	0
3	0
0	0
0	0
1	0
0	0
0	0
3	0
0	0
0	0
2	0
0	0
0	0
0	0
0	0
0	0
0	0
3	0
0	0
0	0
0	0
0	1
0	0
1	1
1	0
0	0
0	0
2	0
1	0
3	0
0	0
0	0
3	0
4	0
0	0
0	0
0	0
0	0
8	0
1	0
0	0
0	0
0	0
0	0
0	0
0	0
0	0
18	0
0	0
0	0
0	0
3	0
1	0
0	0
0	0
0	0
3	1
1	0
0	0
0	0
3	3
1	3
0	0
1	0
0	1
0	1
2	0
4	0
0	0
0	0
0	0
2	0
3	0
0	0
1	0
1	0
0	0
1	7
0	7
5	0
1	0
0	4
0	4
0	4
0	0
2	0
0	0
0	0
2	0
2	0
0	0
1	0
2	0
1	0
0	0
0	0
1	0
2	0
1	0
0	0
0	0
4	0
0	0
3	0
3	0
7	0
0	2
0	2
4	0
2	0
0	0
0	0
1	3
1	3
1	0
0	0
0	0
0	0
0	3
1	3
0	1
0	1
0	0
2	0
1	6
4	6
1	7
0	7
1	0
0	0
3	0
9	0
0	2
0	2
4	0
0	0
23	0
0	0
1	0
0	0
0	0
2	0
1	0
1	0
0	0
19	0
0	0
2	0
6	1
3	1
3	1
0	1
1	0
1	0
0	0
1	0
0	0
3	26
1	26
2	2
3	0
1	1
2	0
2	3
2	0
0	0
0	0
0	0
0	0
3	0
2	0
0	0
1	0
8	0
0	0
1	0
0	0
2	0
0	1
0	1
4	0
6	0
0	0
1	0
1	0
2	0
0	0
0	0
0	0
2	0
9	0
1	0
3	2
2	2
0	0
0	0
8	0
3	0
1	0
3	0
0	0
2	0
2	1
0	1
2	0
0	0
0	0
0	0
2	0
4	0
0	0
0	0
0	0
0	0
1	0
2	0
0	0
6	0
2	0
11	0
0	0
1	0
1	0
1	0
0	0
0	0
0	0
3	0
0	0
2	0
3	0
1	0
0	0
0	0
0	0
5	0
2	0
1	0
2	0
10	0
0	0
0	0
0	0
1	1
0	0
0	0
0	0
0	0
3	0
0	0
2	0
4	0
0	0
0	0
2	0
0	0
2	0
0	1
0	0
0	0
0	0
1	0
2	0
0	0
0	0
0	0
0	0
1	0
4	0
3	0
2	0
1	0
0	0
0	0
2	0
0	0
2	1
1	0
0	0
0	0
0	0
0	0
3	0
0	0
2	0
3	0
3	0
0	0
4	0
6	0
0	0
0	0
0	0
0	0
0	0
0	0
1	0
0	0
0	0
0	0
3	0
0	0
0	0
0	0
0	0
0	0
2	0
0	0
1	0
0	0
0	0
5	0
0	0
0	0
0	0
0	0
0	0
1	0
1	0
0	0
0	0
0	0
0	0
0	0
1	0
0	0
0	0
1	0
0	0
0	0
10	0
0	0
5	0
0	0
2	1
1	0
1	0
0	0
0	0
1	0
0	0
0	0
1	0
0	0
0	0
0	0
0	0
2	0
0	0
0	1
2	0
0	0
0	0
0	0
0	0
2	0
0	0
1	0
0	0
2	0
0	0
0	0
1	0
0	0
2	0
0	0
0	0
0	0
0	0
1	0
1	0
1	0
0	0
0	0
0	0
3	0
3	0
2	0
1	0
0	0
1	0
0	0
2	0
2	0
2	0
4	0
0	0
0	0
4	0
2	0
0	0
5	0
0	0
0	0
0	0
2	0
7	0
1	0
3	0
0	16
3	16
1	0
2	0
0	0
1	0
3	0
0	0
1	0
1	0
7	0
0	0
5	0
0	0
1	0
6	0
0	0
1	0
0	0
3	0
1	0
3	0
3	0
1	0
3	0
0	0
2	0
2	0
0	0
2	0
5	0
0	0
2	0
0	0
5	0
3	0
1	0
0	0
2	0
4	0
3	0
0	0
0	0
2	0
6	0
0	0
1	0
0	0
4	0
0	0
0	0
0	0
0	0
3	0
2	0
4	0
5	0
1	0
1	0
2	0
0	0
1	1
7	0
0	0
1	1
2	0
0	0
2	0
2	0
2	0
2	0
1	0
1	0
0	0
0	0
0	0
4	0
5	0
1	0
1	0
0	0
